yarn run v1.22.22
$ next dev
   ▲ Next.js 14.1.0
   - Local:        http://localhost:3000
   - Environments: .env

 ✓ Ready in 2.6s
 ○ Compiling / ...
Refetching zklend_lending_base_aprs
Fetching zklend_lending_base_aprs
Refetching strk_dex_incentives
Fetching strk_dex_incentives
Refetching strk_lending_incentives
Fetching strk_lending_incentives
Refetching Endur_stats
Fetching Endur_stats
Refetching Endur_reward
Fetching Endur_reward
Refetching nostra_lending_base_aprs
Fetching nostra_lending_base_aprs
Refetching vesu_base_aprs
Fetching vesu_base_aprs
Fetching Vesu base APYs
calling getBalanceAtom auto_token_strk {
  token: '0x541681b9ad63dff1b35f79c78d8477f64857de29a27902f7298f7b620838ea',
  name: 'frmzSTRK',
  decimals: 18,
  displayDecimals: 2,
  logo: '/zklend/icons/tokens/strk.svg?w=20',
  minAmount: {"raw":"10000000000000000000","decimals":18},
  maxAmount: {"raw":"10000000000000000000000","decimals":18},
  stepAmount: {"raw":"10000000000000000000","decimals":18},
  isERC4626: true
}
token getBalanceAtom {
  token: '0x541681b9ad63dff1b35f79c78d8477f64857de29a27902f7298f7b620838ea',
  name: 'frmzSTRK',
  decimals: 18,
  displayDecimals: 2,
  logo: '/zklend/icons/tokens/strk.svg?w=20',
  minAmount: {"raw":"10000000000000000000","decimals":18},
  maxAmount: {"raw":"10000000000000000000000","decimals":18},
  stepAmount: {"raw":"10000000000000000000","decimals":18},
  isERC4626: true
}
token getBalanceAtom isERC4626 true
calling getBalanceAtom auto_token_usdc {
  token: '0x16912b22d5696e95ffde888ede4bd69fbbc60c5f873082857a47c543172694f',
  name: 'frmzUSDC',
  decimals: 6,
  displayDecimals: 2,
  logo: '/zklend/icons/tokens/usdc.svg?w=20',
  minAmount: {"raw":"10000000","decimals":6},
  maxAmount: {"raw":"10000000000","decimals":6},
  stepAmount: {"raw":"10000000","decimals":6},
  isERC4626: true
}
token getBalanceAtom {
  token: '0x16912b22d5696e95ffde888ede4bd69fbbc60c5f873082857a47c543172694f',
  name: 'frmzUSDC',
  decimals: 6,
  displayDecimals: 2,
  logo: '/zklend/icons/tokens/usdc.svg?w=20',
  minAmount: {"raw":"10000000","decimals":6},
  maxAmount: {"raw":"10000000000","decimals":6},
  stepAmount: {"raw":"10000000","decimals":6},
  isERC4626: true
}
token getBalanceAtom isERC4626 true
calling getBalanceAtom usdc_sensei {
  name: 'frmDNMMUSDCETH',
  address: '0x04937b58e05a3a2477402d1f74e66686f58a61a5070fcc6f694fb9a0b3bae422',
  logo: '/zklend/icons/tokens/usdc.svg?w=20',
  config: { mainTokenName: 'USDC' }
}
token getBalanceAtom {
  name: 'frmDNMMUSDCETH',
  address: '0x04937b58e05a3a2477402d1f74e66686f58a61a5070fcc6f694fb9a0b3bae422',
  logo: '/zklend/icons/tokens/usdc.svg?w=20',
  config: { mainTokenName: 'USDC' }
}
calling getBalanceAtom eth_sensei {
  name: 'frmDNMMETHUSDC',
  address: '0x9d23d9b1fa0db8c9d75a1df924c3820e594fc4ab1475695889286f3f6df250',
  logo: '/zklend/icons/tokens/eth.svg?w=20',
  config: { mainTokenName: 'ETH' }
}
token getBalanceAtom {
  name: 'frmDNMMETHUSDC',
  address: '0x9d23d9b1fa0db8c9d75a1df924c3820e594fc4ab1475695889286f3f6df250',
  logo: '/zklend/icons/tokens/eth.svg?w=20',
  config: { mainTokenName: 'ETH' }
}
calling getBalanceAtom strk_sensei {
  name: 'frmDNMMSTRKETH',
  address: '0x20d5fc4c9df4f943ebb36078e703369c04176ed00accf290e8295b659d2cea6',
  logo: '/zklend/icons/tokens/strk.svg?w=20',
  config: { mainTokenName: 'STRK' }
}
token getBalanceAtom {
  name: 'frmDNMMSTRKETH',
  address: '0x20d5fc4c9df4f943ebb36078e703369c04176ed00accf290e8295b659d2cea6',
  logo: '/zklend/icons/tokens/strk.svg?w=20',
  config: { mainTokenName: 'STRK' }
}
calling getBalanceAtom eth_sensei_xl {
  name: 'frmDNMMETHUSDC2',
  address: '0x9140757f8fb5748379be582be39d6daf704cc3a0408882c0d57981a885eed9',
  logo: '/zklend/icons/tokens/eth.svg?w=20',
  config: { mainTokenName: 'ETH' }
}
token getBalanceAtom {
  name: 'frmDNMMETHUSDC2',
  address: '0x9140757f8fb5748379be582be39d6daf704cc3a0408882c0d57981a885eed9',
  logo: '/zklend/icons/tokens/eth.svg?w=20',
  config: { mainTokenName: 'ETH' }
}
calling getBalanceAtom xstrk_sensei {
  name: 'frmDNMMSTRKxSTRK',
  address: '0x7023a5cadc8a5db80e4f0fde6b330cbd3c17bbbf9cb145cbabd7bd5e6fb7b0b',
  logo: '/zklend/icons/tokens/strk.svg?w=20',
  config: { mainTokenName: 'STRK' }
}
token getBalanceAtom {
  name: 'frmDNMMSTRKxSTRK',
  address: '0x7023a5cadc8a5db80e4f0fde6b330cbd3c17bbbf9cb145cbabd7bd5e6fb7b0b',
  logo: '/zklend/icons/tokens/strk.svg?w=20',
  config: { mainTokenName: 'STRK' }
}
calling getBalanceAtom vesu_rebalance_strk {
  token: '0xeeb729d554ae486387147b13a9c8871bc7991d454e8b5ff570d4bf94de71e1',
  name: 'STRK',
  decimals: 18,
  displayDecimals: 2,
  logo: '/zklend/icons/tokens/strk.svg?w=20',
  minAmount: {"raw":"10000000000000000000","decimals":18},
  maxAmount: {"raw":"10000000000000000000000","decimals":18},
  stepAmount: {"raw":"10000000000000000000","decimals":18},
  isERC4626: true,
  address: '0xeeb729d554ae486387147b13a9c8871bc7991d454e8b5ff570d4bf94de71e1'
}
token getBalanceAtom {
  token: '0xeeb729d554ae486387147b13a9c8871bc7991d454e8b5ff570d4bf94de71e1',
  name: 'STRK',
  decimals: 18,
  displayDecimals: 2,
  logo: '/zklend/icons/tokens/strk.svg?w=20',
  minAmount: {"raw":"10000000000000000000","decimals":18},
  maxAmount: {"raw":"10000000000000000000000","decimals":18},
  stepAmount: {"raw":"10000000000000000000","decimals":18},
  isERC4626: true,
  address: '0xeeb729d554ae486387147b13a9c8871bc7991d454e8b5ff570d4bf94de71e1'
}
token getBalanceAtom isERC4626 true
undefined account
calling getBalanceAtom auto_token_strk {
  token: '0x541681b9ad63dff1b35f79c78d8477f64857de29a27902f7298f7b620838ea',
  name: 'frmzSTRK',
  decimals: 18,
  displayDecimals: 2,
  logo: '/zklend/icons/tokens/strk.svg?w=20',
  minAmount: {"raw":"10000000000000000000","decimals":18},
  maxAmount: {"raw":"10000000000000000000000","decimals":18},
  stepAmount: {"raw":"10000000000000000000","decimals":18},
  isERC4626: true
}
token getBalanceAtom {
  token: '0x541681b9ad63dff1b35f79c78d8477f64857de29a27902f7298f7b620838ea',
  name: 'frmzSTRK',
  decimals: 18,
  displayDecimals: 2,
  logo: '/zklend/icons/tokens/strk.svg?w=20',
  minAmount: {"raw":"10000000000000000000","decimals":18},
  maxAmount: {"raw":"10000000000000000000000","decimals":18},
  stepAmount: {"raw":"10000000000000000000","decimals":18},
  isERC4626: true
}
token getBalanceAtom isERC4626 true
calling getBalanceAtom auto_token_usdc {
  token: '0x16912b22d5696e95ffde888ede4bd69fbbc60c5f873082857a47c543172694f',
  name: 'frmzUSDC',
  decimals: 6,
  displayDecimals: 2,
  logo: '/zklend/icons/tokens/usdc.svg?w=20',
  minAmount: {"raw":"10000000","decimals":6},
  maxAmount: {"raw":"10000000000","decimals":6},
  stepAmount: {"raw":"10000000","decimals":6},
  isERC4626: true
}
token getBalanceAtom {
  token: '0x16912b22d5696e95ffde888ede4bd69fbbc60c5f873082857a47c543172694f',
  name: 'frmzUSDC',
  decimals: 6,
  displayDecimals: 2,
  logo: '/zklend/icons/tokens/usdc.svg?w=20',
  minAmount: {"raw":"10000000","decimals":6},
  maxAmount: {"raw":"10000000000","decimals":6},
  stepAmount: {"raw":"10000000","decimals":6},
  isERC4626: true
}
token getBalanceAtom isERC4626 true
calling getBalanceAtom usdc_sensei {
  name: 'frmDNMMUSDCETH',
  address: '0x04937b58e05a3a2477402d1f74e66686f58a61a5070fcc6f694fb9a0b3bae422',
  logo: '/zklend/icons/tokens/usdc.svg?w=20',
  config: { mainTokenName: 'USDC' }
}
token getBalanceAtom {
  name: 'frmDNMMUSDCETH',
  address: '0x04937b58e05a3a2477402d1f74e66686f58a61a5070fcc6f694fb9a0b3bae422',
  logo: '/zklend/icons/tokens/usdc.svg?w=20',
  config: { mainTokenName: 'USDC' }
}
calling getBalanceAtom eth_sensei {
  name: 'frmDNMMETHUSDC',
  address: '0x9d23d9b1fa0db8c9d75a1df924c3820e594fc4ab1475695889286f3f6df250',
  logo: '/zklend/icons/tokens/eth.svg?w=20',
  config: { mainTokenName: 'ETH' }
}
token getBalanceAtom {
  name: 'frmDNMMETHUSDC',
  address: '0x9d23d9b1fa0db8c9d75a1df924c3820e594fc4ab1475695889286f3f6df250',
  logo: '/zklend/icons/tokens/eth.svg?w=20',
  config: { mainTokenName: 'ETH' }
}
calling getBalanceAtom strk_sensei {
  name: 'frmDNMMSTRKETH',
  address: '0x20d5fc4c9df4f943ebb36078e703369c04176ed00accf290e8295b659d2cea6',
  logo: '/zklend/icons/tokens/strk.svg?w=20',
  config: { mainTokenName: 'STRK' }
}
token getBalanceAtom {
  name: 'frmDNMMSTRKETH',
  address: '0x20d5fc4c9df4f943ebb36078e703369c04176ed00accf290e8295b659d2cea6',
  logo: '/zklend/icons/tokens/strk.svg?w=20',
  config: { mainTokenName: 'STRK' }
}
calling getBalanceAtom eth_sensei_xl {
  name: 'frmDNMMETHUSDC2',
  address: '0x9140757f8fb5748379be582be39d6daf704cc3a0408882c0d57981a885eed9',
  logo: '/zklend/icons/tokens/eth.svg?w=20',
  config: { mainTokenName: 'ETH' }
}
token getBalanceAtom {
  name: 'frmDNMMETHUSDC2',
  address: '0x9140757f8fb5748379be582be39d6daf704cc3a0408882c0d57981a885eed9',
  logo: '/zklend/icons/tokens/eth.svg?w=20',
  config: { mainTokenName: 'ETH' }
}
calling getBalanceAtom xstrk_sensei {
  name: 'frmDNMMSTRKxSTRK',
  address: '0x7023a5cadc8a5db80e4f0fde6b330cbd3c17bbbf9cb145cbabd7bd5e6fb7b0b',
  logo: '/zklend/icons/tokens/strk.svg?w=20',
  config: { mainTokenName: 'STRK' }
}
token getBalanceAtom {
  name: 'frmDNMMSTRKxSTRK',
  address: '0x7023a5cadc8a5db80e4f0fde6b330cbd3c17bbbf9cb145cbabd7bd5e6fb7b0b',
  logo: '/zklend/icons/tokens/strk.svg?w=20',
  config: { mainTokenName: 'STRK' }
}
calling getBalanceAtom vesu_rebalance_strk {
  token: '0xeeb729d554ae486387147b13a9c8871bc7991d454e8b5ff570d4bf94de71e1',
  name: 'STRK',
  decimals: 18,
  displayDecimals: 2,
  logo: '/zklend/icons/tokens/strk.svg?w=20',
  minAmount: {"raw":"10000000000000000000","decimals":18},
  maxAmount: {"raw":"10000000000000000000000","decimals":18},
  stepAmount: {"raw":"10000000000000000000","decimals":18},
  isERC4626: true,
  address: '0xeeb729d554ae486387147b13a9c8871bc7991d454e8b5ff570d4bf94de71e1'
}
token getBalanceAtom {
  token: '0xeeb729d554ae486387147b13a9c8871bc7991d454e8b5ff570d4bf94de71e1',
  name: 'STRK',
  decimals: 18,
  displayDecimals: 2,
  logo: '/zklend/icons/tokens/strk.svg?w=20',
  minAmount: {"raw":"10000000000000000000","decimals":18},
  maxAmount: {"raw":"10000000000000000000000","decimals":18},
  stepAmount: {"raw":"10000000000000000000","decimals":18},
  isERC4626: true,
  address: '0xeeb729d554ae486387147b13a9c8871bc7991d454e8b5ff570d4bf94de71e1'
}
token getBalanceAtom isERC4626 true
undefined
nostra {
  data: null,
  error: null,
  isLoading: true,
  isSuccess: false,
  isError: false,
  refetch: [AsyncFunction: refetch]
}
sorting filter pools
sorting filter pools [2]
sorting filter pools
sorting filter pools
sorting filter pools [2]
sorting filter pools
Setting Endur_stats
Setting zklend_lending_base_aprs
Setting nostra_lending_base_aprs
Setting strk_dex_incentives
Refetching strk_dex_incentives
Fetching strk_dex_incentives
Refetching strk_lending_incentives
Fetching strk_lending_incentives
Refetching zklend_lending_base_aprs
Fetching zklend_lending_base_aprs
Refetching Endur_stats
Fetching Endur_stats
Refetching Endur_reward
Fetching Endur_reward
Refetching nostra_lending_base_aprs
Fetching nostra_lending_base_aprs
Refetching vesu_base_aprs
Fetching vesu_base_aprs
Fetching Vesu base APYs
calling getBalanceAtom auto_token_strk {
  token: '0x541681b9ad63dff1b35f79c78d8477f64857de29a27902f7298f7b620838ea',
  name: 'frmzSTRK',
  decimals: 18,
  displayDecimals: 2,
  logo: '/zklend/icons/tokens/strk.svg?w=20',
  minAmount: {"raw":"10000000000000000000","decimals":18},
  maxAmount: {"raw":"10000000000000000000000","decimals":18},
  stepAmount: {"raw":"10000000000000000000","decimals":18},
  isERC4626: true
}
token getBalanceAtom {
  token: '0x541681b9ad63dff1b35f79c78d8477f64857de29a27902f7298f7b620838ea',
  name: 'frmzSTRK',
  decimals: 18,
  displayDecimals: 2,
  logo: '/zklend/icons/tokens/strk.svg?w=20',
  minAmount: {"raw":"10000000000000000000","decimals":18},
  maxAmount: {"raw":"10000000000000000000000","decimals":18},
  stepAmount: {"raw":"10000000000000000000","decimals":18},
  isERC4626: true
}
token getBalanceAtom isERC4626 true
calling getBalanceAtom auto_token_usdc {
  token: '0x16912b22d5696e95ffde888ede4bd69fbbc60c5f873082857a47c543172694f',
  name: 'frmzUSDC',
  decimals: 6,
  displayDecimals: 2,
  logo: '/zklend/icons/tokens/usdc.svg?w=20',
  minAmount: {"raw":"10000000","decimals":6},
  maxAmount: {"raw":"10000000000","decimals":6},
  stepAmount: {"raw":"10000000","decimals":6},
  isERC4626: true
}
token getBalanceAtom {
  token: '0x16912b22d5696e95ffde888ede4bd69fbbc60c5f873082857a47c543172694f',
  name: 'frmzUSDC',
  decimals: 6,
  displayDecimals: 2,
  logo: '/zklend/icons/tokens/usdc.svg?w=20',
  minAmount: {"raw":"10000000","decimals":6},
  maxAmount: {"raw":"10000000000","decimals":6},
  stepAmount: {"raw":"10000000","decimals":6},
  isERC4626: true
}
token getBalanceAtom isERC4626 true
calling getBalanceAtom usdc_sensei {
  name: 'frmDNMMUSDCETH',
  address: '0x04937b58e05a3a2477402d1f74e66686f58a61a5070fcc6f694fb9a0b3bae422',
  logo: '/zklend/icons/tokens/usdc.svg?w=20',
  config: { mainTokenName: 'USDC' }
}
token getBalanceAtom {
  name: 'frmDNMMUSDCETH',
  address: '0x04937b58e05a3a2477402d1f74e66686f58a61a5070fcc6f694fb9a0b3bae422',
  logo: '/zklend/icons/tokens/usdc.svg?w=20',
  config: { mainTokenName: 'USDC' }
}
calling getBalanceAtom eth_sensei {
  name: 'frmDNMMETHUSDC',
  address: '0x9d23d9b1fa0db8c9d75a1df924c3820e594fc4ab1475695889286f3f6df250',
  logo: '/zklend/icons/tokens/eth.svg?w=20',
  config: { mainTokenName: 'ETH' }
}
token getBalanceAtom {
  name: 'frmDNMMETHUSDC',
  address: '0x9d23d9b1fa0db8c9d75a1df924c3820e594fc4ab1475695889286f3f6df250',
  logo: '/zklend/icons/tokens/eth.svg?w=20',
  config: { mainTokenName: 'ETH' }
}
calling getBalanceAtom strk_sensei {
  name: 'frmDNMMSTRKETH',
  address: '0x20d5fc4c9df4f943ebb36078e703369c04176ed00accf290e8295b659d2cea6',
  logo: '/zklend/icons/tokens/strk.svg?w=20',
  config: { mainTokenName: 'STRK' }
}
token getBalanceAtom {
  name: 'frmDNMMSTRKETH',
  address: '0x20d5fc4c9df4f943ebb36078e703369c04176ed00accf290e8295b659d2cea6',
  logo: '/zklend/icons/tokens/strk.svg?w=20',
  config: { mainTokenName: 'STRK' }
}
calling getBalanceAtom eth_sensei_xl {
  name: 'frmDNMMETHUSDC2',
  address: '0x9140757f8fb5748379be582be39d6daf704cc3a0408882c0d57981a885eed9',
  logo: '/zklend/icons/tokens/eth.svg?w=20',
  config: { mainTokenName: 'ETH' }
}
token getBalanceAtom {
  name: 'frmDNMMETHUSDC2',
  address: '0x9140757f8fb5748379be582be39d6daf704cc3a0408882c0d57981a885eed9',
  logo: '/zklend/icons/tokens/eth.svg?w=20',
  config: { mainTokenName: 'ETH' }
}
calling getBalanceAtom xstrk_sensei {
  name: 'frmDNMMSTRKxSTRK',
  address: '0x7023a5cadc8a5db80e4f0fde6b330cbd3c17bbbf9cb145cbabd7bd5e6fb7b0b',
  logo: '/zklend/icons/tokens/strk.svg?w=20',
  config: { mainTokenName: 'STRK' }
}
token getBalanceAtom {
  name: 'frmDNMMSTRKxSTRK',
  address: '0x7023a5cadc8a5db80e4f0fde6b330cbd3c17bbbf9cb145cbabd7bd5e6fb7b0b',
  logo: '/zklend/icons/tokens/strk.svg?w=20',
  config: { mainTokenName: 'STRK' }
}
calling getBalanceAtom vesu_rebalance_strk {
  token: '0xeeb729d554ae486387147b13a9c8871bc7991d454e8b5ff570d4bf94de71e1',
  name: 'STRK',
  decimals: 18,
  displayDecimals: 2,
  logo: '/zklend/icons/tokens/strk.svg?w=20',
  minAmount: {"raw":"10000000000000000000","decimals":18},
  maxAmount: {"raw":"10000000000000000000000","decimals":18},
  stepAmount: {"raw":"10000000000000000000","decimals":18},
  isERC4626: true,
  address: '0xeeb729d554ae486387147b13a9c8871bc7991d454e8b5ff570d4bf94de71e1'
}
token getBalanceAtom {
  token: '0xeeb729d554ae486387147b13a9c8871bc7991d454e8b5ff570d4bf94de71e1',
  name: 'STRK',
  decimals: 18,
  displayDecimals: 2,
  logo: '/zklend/icons/tokens/strk.svg?w=20',
  minAmount: {"raw":"10000000000000000000","decimals":18},
  maxAmount: {"raw":"10000000000000000000000","decimals":18},
  stepAmount: {"raw":"10000000000000000000","decimals":18},
  isERC4626: true,
  address: '0xeeb729d554ae486387147b13a9c8871bc7991d454e8b5ff570d4bf94de71e1'
}
token getBalanceAtom isERC4626 true
calling getBalanceAtom auto_token_strk {
  token: '0x541681b9ad63dff1b35f79c78d8477f64857de29a27902f7298f7b620838ea',
  name: 'frmzSTRK',
  decimals: 18,
  displayDecimals: 2,
  logo: '/zklend/icons/tokens/strk.svg?w=20',
  minAmount: {"raw":"10000000000000000000","decimals":18},
  maxAmount: {"raw":"10000000000000000000000","decimals":18},
  stepAmount: {"raw":"10000000000000000000","decimals":18},
  isERC4626: true
}
token getBalanceAtom {
  token: '0x541681b9ad63dff1b35f79c78d8477f64857de29a27902f7298f7b620838ea',
  name: 'frmzSTRK',
  decimals: 18,
  displayDecimals: 2,
  logo: '/zklend/icons/tokens/strk.svg?w=20',
  minAmount: {"raw":"10000000000000000000","decimals":18},
  maxAmount: {"raw":"10000000000000000000000","decimals":18},
  stepAmount: {"raw":"10000000000000000000","decimals":18},
  isERC4626: true
}
token getBalanceAtom isERC4626 true
calling getBalanceAtom auto_token_usdc {
  token: '0x16912b22d5696e95ffde888ede4bd69fbbc60c5f873082857a47c543172694f',
  name: 'frmzUSDC',
  decimals: 6,
  displayDecimals: 2,
  logo: '/zklend/icons/tokens/usdc.svg?w=20',
  minAmount: {"raw":"10000000","decimals":6},
  maxAmount: {"raw":"10000000000","decimals":6},
  stepAmount: {"raw":"10000000","decimals":6},
  isERC4626: true
}
token getBalanceAtom {
  token: '0x16912b22d5696e95ffde888ede4bd69fbbc60c5f873082857a47c543172694f',
  name: 'frmzUSDC',
  decimals: 6,
  displayDecimals: 2,
  logo: '/zklend/icons/tokens/usdc.svg?w=20',
  minAmount: {"raw":"10000000","decimals":6},
  maxAmount: {"raw":"10000000000","decimals":6},
  stepAmount: {"raw":"10000000","decimals":6},
  isERC4626: true
}
token getBalanceAtom isERC4626 true
calling getBalanceAtom usdc_sensei {
  name: 'frmDNMMUSDCETH',
  address: '0x04937b58e05a3a2477402d1f74e66686f58a61a5070fcc6f694fb9a0b3bae422',
  logo: '/zklend/icons/tokens/usdc.svg?w=20',
  config: { mainTokenName: 'USDC' }
}
token getBalanceAtom {
  name: 'frmDNMMUSDCETH',
  address: '0x04937b58e05a3a2477402d1f74e66686f58a61a5070fcc6f694fb9a0b3bae422',
  logo: '/zklend/icons/tokens/usdc.svg?w=20',
  config: { mainTokenName: 'USDC' }
}
calling getBalanceAtom eth_sensei {
  name: 'frmDNMMETHUSDC',
  address: '0x9d23d9b1fa0db8c9d75a1df924c3820e594fc4ab1475695889286f3f6df250',
  logo: '/zklend/icons/tokens/eth.svg?w=20',
  config: { mainTokenName: 'ETH' }
}
token getBalanceAtom {
  name: 'frmDNMMETHUSDC',
  address: '0x9d23d9b1fa0db8c9d75a1df924c3820e594fc4ab1475695889286f3f6df250',
  logo: '/zklend/icons/tokens/eth.svg?w=20',
  config: { mainTokenName: 'ETH' }
}
calling getBalanceAtom strk_sensei {
  name: 'frmDNMMSTRKETH',
  address: '0x20d5fc4c9df4f943ebb36078e703369c04176ed00accf290e8295b659d2cea6',
  logo: '/zklend/icons/tokens/strk.svg?w=20',
  config: { mainTokenName: 'STRK' }
}
token getBalanceAtom {
  name: 'frmDNMMSTRKETH',
  address: '0x20d5fc4c9df4f943ebb36078e703369c04176ed00accf290e8295b659d2cea6',
  logo: '/zklend/icons/tokens/strk.svg?w=20',
  config: { mainTokenName: 'STRK' }
}
calling getBalanceAtom eth_sensei_xl {
  name: 'frmDNMMETHUSDC2',
  address: '0x9140757f8fb5748379be582be39d6daf704cc3a0408882c0d57981a885eed9',
  logo: '/zklend/icons/tokens/eth.svg?w=20',
  config: { mainTokenName: 'ETH' }
}
token getBalanceAtom {
  name: 'frmDNMMETHUSDC2',
  address: '0x9140757f8fb5748379be582be39d6daf704cc3a0408882c0d57981a885eed9',
  logo: '/zklend/icons/tokens/eth.svg?w=20',
  config: { mainTokenName: 'ETH' }
}
calling getBalanceAtom xstrk_sensei {
  name: 'frmDNMMSTRKxSTRK',
  address: '0x7023a5cadc8a5db80e4f0fde6b330cbd3c17bbbf9cb145cbabd7bd5e6fb7b0b',
  logo: '/zklend/icons/tokens/strk.svg?w=20',
  config: { mainTokenName: 'STRK' }
}
token getBalanceAtom {
  name: 'frmDNMMSTRKxSTRK',
  address: '0x7023a5cadc8a5db80e4f0fde6b330cbd3c17bbbf9cb145cbabd7bd5e6fb7b0b',
  logo: '/zklend/icons/tokens/strk.svg?w=20',
  config: { mainTokenName: 'STRK' }
}
calling getBalanceAtom vesu_rebalance_strk {
  token: '0xeeb729d554ae486387147b13a9c8871bc7991d454e8b5ff570d4bf94de71e1',
  name: 'STRK',
  decimals: 18,
  displayDecimals: 2,
  logo: '/zklend/icons/tokens/strk.svg?w=20',
  minAmount: {"raw":"10000000000000000000","decimals":18},
  maxAmount: {"raw":"10000000000000000000000","decimals":18},
  stepAmount: {"raw":"10000000000000000000","decimals":18},
  isERC4626: true,
  address: '0xeeb729d554ae486387147b13a9c8871bc7991d454e8b5ff570d4bf94de71e1'
}
token getBalanceAtom {
  token: '0xeeb729d554ae486387147b13a9c8871bc7991d454e8b5ff570d4bf94de71e1',
  name: 'STRK',
  decimals: 18,
  displayDecimals: 2,
  logo: '/zklend/icons/tokens/strk.svg?w=20',
  minAmount: {"raw":"10000000000000000000","decimals":18},
  maxAmount: {"raw":"10000000000000000000000","decimals":18},
  stepAmount: {"raw":"10000000000000000000","decimals":18},
  isERC4626: true,
  address: '0xeeb729d554ae486387147b13a9c8871bc7991d454e8b5ff570d4bf94de71e1'
}
token getBalanceAtom isERC4626 true
strategies 8
nostra {
  data: null,
  error: null,
  isLoading: true,
  isSuccess: false,
  isError: false,
  refetch: [AsyncFunction: refetch]
}
allPools 0
hasRequiredPools false
Refetching strk_dex_incentives
Fetching strk_dex_incentives
Refetching strk_lending_incentives
Fetching strk_lending_incentives
Refetching zklend_lending_base_aprs
Fetching zklend_lending_base_aprs
Refetching Endur_stats
Fetching Endur_stats
Refetching Endur_reward
Fetching Endur_reward
Refetching nostra_lending_base_aprs
Fetching nostra_lending_base_aprs
Refetching vesu_base_aprs
Fetching vesu_base_aprs
Fetching Vesu base APYs
calling getBalanceAtom auto_token_strk {
  token: '0x541681b9ad63dff1b35f79c78d8477f64857de29a27902f7298f7b620838ea',
  name: 'frmzSTRK',
  decimals: 18,
  displayDecimals: 2,
  logo: '/zklend/icons/tokens/strk.svg?w=20',
  minAmount: {"raw":"10000000000000000000","decimals":18},
  maxAmount: {"raw":"10000000000000000000000","decimals":18},
  stepAmount: {"raw":"10000000000000000000","decimals":18},
  isERC4626: true
}
token getBalanceAtom {
  token: '0x541681b9ad63dff1b35f79c78d8477f64857de29a27902f7298f7b620838ea',
  name: 'frmzSTRK',
  decimals: 18,
  displayDecimals: 2,
  logo: '/zklend/icons/tokens/strk.svg?w=20',
  minAmount: {"raw":"10000000000000000000","decimals":18},
  maxAmount: {"raw":"10000000000000000000000","decimals":18},
  stepAmount: {"raw":"10000000000000000000","decimals":18},
  isERC4626: true
}
token getBalanceAtom isERC4626 true
calling getBalanceAtom auto_token_usdc {
  token: '0x16912b22d5696e95ffde888ede4bd69fbbc60c5f873082857a47c543172694f',
  name: 'frmzUSDC',
  decimals: 6,
  displayDecimals: 2,
  logo: '/zklend/icons/tokens/usdc.svg?w=20',
  minAmount: {"raw":"10000000","decimals":6},
  maxAmount: {"raw":"10000000000","decimals":6},
  stepAmount: {"raw":"10000000","decimals":6},
  isERC4626: true
}
token getBalanceAtom {
  token: '0x16912b22d5696e95ffde888ede4bd69fbbc60c5f873082857a47c543172694f',
  name: 'frmzUSDC',
  decimals: 6,
  displayDecimals: 2,
  logo: '/zklend/icons/tokens/usdc.svg?w=20',
  minAmount: {"raw":"10000000","decimals":6},
  maxAmount: {"raw":"10000000000","decimals":6},
  stepAmount: {"raw":"10000000","decimals":6},
  isERC4626: true
}
token getBalanceAtom isERC4626 true
calling getBalanceAtom usdc_sensei {
  name: 'frmDNMMUSDCETH',
  address: '0x04937b58e05a3a2477402d1f74e66686f58a61a5070fcc6f694fb9a0b3bae422',
  logo: '/zklend/icons/tokens/usdc.svg?w=20',
  config: { mainTokenName: 'USDC' }
}
token getBalanceAtom {
  name: 'frmDNMMUSDCETH',
  address: '0x04937b58e05a3a2477402d1f74e66686f58a61a5070fcc6f694fb9a0b3bae422',
  logo: '/zklend/icons/tokens/usdc.svg?w=20',
  config: { mainTokenName: 'USDC' }
}
calling getBalanceAtom eth_sensei {
  name: 'frmDNMMETHUSDC',
  address: '0x9d23d9b1fa0db8c9d75a1df924c3820e594fc4ab1475695889286f3f6df250',
  logo: '/zklend/icons/tokens/eth.svg?w=20',
  config: { mainTokenName: 'ETH' }
}
token getBalanceAtom {
  name: 'frmDNMMETHUSDC',
  address: '0x9d23d9b1fa0db8c9d75a1df924c3820e594fc4ab1475695889286f3f6df250',
  logo: '/zklend/icons/tokens/eth.svg?w=20',
  config: { mainTokenName: 'ETH' }
}
calling getBalanceAtom strk_sensei {
  name: 'frmDNMMSTRKETH',
  address: '0x20d5fc4c9df4f943ebb36078e703369c04176ed00accf290e8295b659d2cea6',
  logo: '/zklend/icons/tokens/strk.svg?w=20',
  config: { mainTokenName: 'STRK' }
}
token getBalanceAtom {
  name: 'frmDNMMSTRKETH',
  address: '0x20d5fc4c9df4f943ebb36078e703369c04176ed00accf290e8295b659d2cea6',
  logo: '/zklend/icons/tokens/strk.svg?w=20',
  config: { mainTokenName: 'STRK' }
}
calling getBalanceAtom eth_sensei_xl {
  name: 'frmDNMMETHUSDC2',
  address: '0x9140757f8fb5748379be582be39d6daf704cc3a0408882c0d57981a885eed9',
  logo: '/zklend/icons/tokens/eth.svg?w=20',
  config: { mainTokenName: 'ETH' }
}
token getBalanceAtom {
  name: 'frmDNMMETHUSDC2',
  address: '0x9140757f8fb5748379be582be39d6daf704cc3a0408882c0d57981a885eed9',
  logo: '/zklend/icons/tokens/eth.svg?w=20',
  config: { mainTokenName: 'ETH' }
}
calling getBalanceAtom xstrk_sensei {
  name: 'frmDNMMSTRKxSTRK',
  address: '0x7023a5cadc8a5db80e4f0fde6b330cbd3c17bbbf9cb145cbabd7bd5e6fb7b0b',
  logo: '/zklend/icons/tokens/strk.svg?w=20',
  config: { mainTokenName: 'STRK' }
}
token getBalanceAtom {
  name: 'frmDNMMSTRKxSTRK',
  address: '0x7023a5cadc8a5db80e4f0fde6b330cbd3c17bbbf9cb145cbabd7bd5e6fb7b0b',
  logo: '/zklend/icons/tokens/strk.svg?w=20',
  config: { mainTokenName: 'STRK' }
}
calling getBalanceAtom vesu_rebalance_strk {
  token: '0xeeb729d554ae486387147b13a9c8871bc7991d454e8b5ff570d4bf94de71e1',
  name: 'STRK',
  decimals: 18,
  displayDecimals: 2,
  logo: '/zklend/icons/tokens/strk.svg?w=20',
  minAmount: {"raw":"10000000000000000000","decimals":18},
  maxAmount: {"raw":"10000000000000000000000","decimals":18},
  stepAmount: {"raw":"10000000000000000000","decimals":18},
  isERC4626: true,
  address: '0xeeb729d554ae486387147b13a9c8871bc7991d454e8b5ff570d4bf94de71e1'
}
token getBalanceAtom {
  token: '0xeeb729d554ae486387147b13a9c8871bc7991d454e8b5ff570d4bf94de71e1',
  name: 'STRK',
  decimals: 18,
  displayDecimals: 2,
  logo: '/zklend/icons/tokens/strk.svg?w=20',
  minAmount: {"raw":"10000000000000000000","decimals":18},
  maxAmount: {"raw":"10000000000000000000000","decimals":18},
  stepAmount: {"raw":"10000000000000000000","decimals":18},
  isERC4626: true,
  address: '0xeeb729d554ae486387147b13a9c8871bc7991d454e8b5ff570d4bf94de71e1'
}
token getBalanceAtom isERC4626 true
Setting Endur_stats
tvlInfo 6 {
  amount: {"raw":"0","decimals":18},
  usdValue: 0,
  tokenInfo: {
    token: '0x4718f5a0fc34cc1af16a1cdee98ffb20c31f5cd61d6ab07201858f4287c938d',
    name: 'STRK',
    decimals: 18,
    displayDecimals: 2,
    logo: '/zklend/icons/tokens/strk.svg?w=20',
    minAmount: {"raw":"10000000000000000000","decimals":18},
    maxAmount: {"raw":"10000000000000000000000","decimals":18},
    stepAmount: {"raw":"10000000000000000000","decimals":18},
    isERC4626: false
  }
}
Setting zklend_lending_base_aprs
[VERBOSE] getPrice from redis: STRK
allPools 1
pool.protocol.name Endur
hasRequiredPools false
Refetching strk_dex_incentives
Fetching strk_dex_incentives
Refetching strk_lending_incentives
Fetching strk_lending_incentives
Refetching zklend_lending_base_aprs
Fetching zklend_lending_base_aprs
Refetching Endur_stats
Fetching Endur_stats
Refetching Endur_reward
Fetching Endur_reward
Refetching nostra_lending_base_aprs
Fetching nostra_lending_base_aprs
initRedis server
Initialising Redis Client
initRedis server
Initialising Redis Client
Redis Client Initialised
Redis Client Initialised
tvlInfo 7 {
  amount: {"raw":"1000836819774079115","decimals":18},
  usdValue: 0.16535828914,
  tokenInfo: {
    token: '0x4718f5a0fc34cc1af16a1cdee98ffb20c31f5cd61d6ab07201858f4287c938d',
    name: 'STRK',
    decimals: 18,
    displayDecimals: 2,
    logo: '/zklend/icons/tokens/strk.svg?w=20',
    minAmount: {"raw":"10000000000000000000","decimals":18},
    maxAmount: {"raw":"10000000000000000000000","decimals":18},
    stepAmount: {"raw":"10000000000000000000","decimals":18},
    isERC4626: false
  }
}
initRedis server
Initialising Redis Client
Redis Client Initialised
Refetching vesu_base_aprs
Fetching vesu_base_aprs
Fetching Vesu base APYs
calling getBalanceAtom auto_token_strk {
  token: '0x541681b9ad63dff1b35f79c78d8477f64857de29a27902f7298f7b620838ea',
  name: 'frmzSTRK',
  decimals: 18,
  displayDecimals: 2,
  logo: '/zklend/icons/tokens/strk.svg?w=20',
  minAmount: {"raw":"10000000000000000000","decimals":18},
  maxAmount: {"raw":"10000000000000000000000","decimals":18},
  stepAmount: {"raw":"10000000000000000000","decimals":18},
  isERC4626: true
}
token getBalanceAtom {
  token: '0x541681b9ad63dff1b35f79c78d8477f64857de29a27902f7298f7b620838ea',
  name: 'frmzSTRK',
  decimals: 18,
  displayDecimals: 2,
  logo: '/zklend/icons/tokens/strk.svg?w=20',
  minAmount: {"raw":"10000000000000000000","decimals":18},
  maxAmount: {"raw":"10000000000000000000000","decimals":18},
  stepAmount: {"raw":"10000000000000000000","decimals":18},
  isERC4626: true
}
token getBalanceAtom isERC4626 true
calling getBalanceAtom auto_token_usdc {
  token: '0x16912b22d5696e95ffde888ede4bd69fbbc60c5f873082857a47c543172694f',
  name: 'frmzUSDC',
  decimals: 6,
  displayDecimals: 2,
  logo: '/zklend/icons/tokens/usdc.svg?w=20',
  minAmount: {"raw":"10000000","decimals":6},
  maxAmount: {"raw":"10000000000","decimals":6},
  stepAmount: {"raw":"10000000","decimals":6},
  isERC4626: true
}
token getBalanceAtom {
  token: '0x16912b22d5696e95ffde888ede4bd69fbbc60c5f873082857a47c543172694f',
  name: 'frmzUSDC',
  decimals: 6,
  displayDecimals: 2,
  logo: '/zklend/icons/tokens/usdc.svg?w=20',
  minAmount: {"raw":"10000000","decimals":6},
  maxAmount: {"raw":"10000000000","decimals":6},
  stepAmount: {"raw":"10000000","decimals":6},
  isERC4626: true
}
token getBalanceAtom isERC4626 true
calling getBalanceAtom usdc_sensei {
  name: 'frmDNMMUSDCETH',
  address: '0x04937b58e05a3a2477402d1f74e66686f58a61a5070fcc6f694fb9a0b3bae422',
  logo: '/zklend/icons/tokens/usdc.svg?w=20',
  config: { mainTokenName: 'USDC' }
}
token getBalanceAtom {
  name: 'frmDNMMUSDCETH',
  address: '0x04937b58e05a3a2477402d1f74e66686f58a61a5070fcc6f694fb9a0b3bae422',
  logo: '/zklend/icons/tokens/usdc.svg?w=20',
  config: { mainTokenName: 'USDC' }
}
calling getBalanceAtom eth_sensei {
  name: 'frmDNMMETHUSDC',
  address: '0x9d23d9b1fa0db8c9d75a1df924c3820e594fc4ab1475695889286f3f6df250',
  logo: '/zklend/icons/tokens/eth.svg?w=20',
  config: { mainTokenName: 'ETH' }
}
token getBalanceAtom {
  name: 'frmDNMMETHUSDC',
  address: '0x9d23d9b1fa0db8c9d75a1df924c3820e594fc4ab1475695889286f3f6df250',
  logo: '/zklend/icons/tokens/eth.svg?w=20',
  config: { mainTokenName: 'ETH' }
}
calling getBalanceAtom strk_sensei {
  name: 'frmDNMMSTRKETH',
  address: '0x20d5fc4c9df4f943ebb36078e703369c04176ed00accf290e8295b659d2cea6',
  logo: '/zklend/icons/tokens/strk.svg?w=20',
  config: { mainTokenName: 'STRK' }
}
token getBalanceAtom {
  name: 'frmDNMMSTRKETH',
  address: '0x20d5fc4c9df4f943ebb36078e703369c04176ed00accf290e8295b659d2cea6',
  logo: '/zklend/icons/tokens/strk.svg?w=20',
  config: { mainTokenName: 'STRK' }
}
calling getBalanceAtom eth_sensei_xl {
  name: 'frmDNMMETHUSDC2',
  address: '0x9140757f8fb5748379be582be39d6daf704cc3a0408882c0d57981a885eed9',
  logo: '/zklend/icons/tokens/eth.svg?w=20',
  config: { mainTokenName: 'ETH' }
}
token getBalanceAtom {
  name: 'frmDNMMETHUSDC2',
  address: '0x9140757f8fb5748379be582be39d6daf704cc3a0408882c0d57981a885eed9',
  logo: '/zklend/icons/tokens/eth.svg?w=20',
  config: { mainTokenName: 'ETH' }
}
calling getBalanceAtom xstrk_sensei {
  name: 'frmDNMMSTRKxSTRK',
  address: '0x7023a5cadc8a5db80e4f0fde6b330cbd3c17bbbf9cb145cbabd7bd5e6fb7b0b',
  logo: '/zklend/icons/tokens/strk.svg?w=20',
  config: { mainTokenName: 'STRK' }
}
token getBalanceAtom {
  name: 'frmDNMMSTRKxSTRK',
  address: '0x7023a5cadc8a5db80e4f0fde6b330cbd3c17bbbf9cb145cbabd7bd5e6fb7b0b',
  logo: '/zklend/icons/tokens/strk.svg?w=20',
  config: { mainTokenName: 'STRK' }
}
calling getBalanceAtom vesu_rebalance_strk {
  token: '0xeeb729d554ae486387147b13a9c8871bc7991d454e8b5ff570d4bf94de71e1',
  name: 'STRK',
  decimals: 18,
  displayDecimals: 2,
  logo: '/zklend/icons/tokens/strk.svg?w=20',
  minAmount: {"raw":"10000000000000000000","decimals":18},
  maxAmount: {"raw":"10000000000000000000000","decimals":18},
  stepAmount: {"raw":"10000000000000000000","decimals":18},
  isERC4626: true,
  address: '0xeeb729d554ae486387147b13a9c8871bc7991d454e8b5ff570d4bf94de71e1'
}
token getBalanceAtom {
  token: '0xeeb729d554ae486387147b13a9c8871bc7991d454e8b5ff570d4bf94de71e1',
  name: 'STRK',
  decimals: 18,
  displayDecimals: 2,
  logo: '/zklend/icons/tokens/strk.svg?w=20',
  minAmount: {"raw":"10000000000000000000","decimals":18},
  maxAmount: {"raw":"10000000000000000000000","decimals":18},
  stepAmount: {"raw":"10000000000000000000","decimals":18},
  isERC4626: true,
  address: '0xeeb729d554ae486387147b13a9c8871bc7991d454e8b5ff570d4bf94de71e1'
}
token getBalanceAtom isERC4626 true
calling getBalanceAtom auto_token_strk {
  token: '0x541681b9ad63dff1b35f79c78d8477f64857de29a27902f7298f7b620838ea',
  name: 'frmzSTRK',
  decimals: 18,
  displayDecimals: 2,
  logo: '/zklend/icons/tokens/strk.svg?w=20',
  minAmount: {"raw":"10000000000000000000","decimals":18},
  maxAmount: {"raw":"10000000000000000000000","decimals":18},
  stepAmount: {"raw":"10000000000000000000","decimals":18},
  isERC4626: true
}
token getBalanceAtom {
  token: '0x541681b9ad63dff1b35f79c78d8477f64857de29a27902f7298f7b620838ea',
  name: 'frmzSTRK',
  decimals: 18,
  displayDecimals: 2,
  logo: '/zklend/icons/tokens/strk.svg?w=20',
  minAmount: {"raw":"10000000000000000000","decimals":18},
  maxAmount: {"raw":"10000000000000000000000","decimals":18},
  stepAmount: {"raw":"10000000000000000000","decimals":18},
  isERC4626: true
}
token getBalanceAtom isERC4626 true
calling getBalanceAtom auto_token_usdc {
  token: '0x16912b22d5696e95ffde888ede4bd69fbbc60c5f873082857a47c543172694f',
  name: 'frmzUSDC',
  decimals: 6,
  displayDecimals: 2,
  logo: '/zklend/icons/tokens/usdc.svg?w=20',
  minAmount: {"raw":"10000000","decimals":6},
  maxAmount: {"raw":"10000000000","decimals":6},
  stepAmount: {"raw":"10000000","decimals":6},
  isERC4626: true
}
token getBalanceAtom {
  token: '0x16912b22d5696e95ffde888ede4bd69fbbc60c5f873082857a47c543172694f',
  name: 'frmzUSDC',
  decimals: 6,
  displayDecimals: 2,
  logo: '/zklend/icons/tokens/usdc.svg?w=20',
  minAmount: {"raw":"10000000","decimals":6},
  maxAmount: {"raw":"10000000000","decimals":6},
  stepAmount: {"raw":"10000000","decimals":6},
  isERC4626: true
}
token getBalanceAtom isERC4626 true
calling getBalanceAtom usdc_sensei {
  name: 'frmDNMMUSDCETH',
  address: '0x04937b58e05a3a2477402d1f74e66686f58a61a5070fcc6f694fb9a0b3bae422',
  logo: '/zklend/icons/tokens/usdc.svg?w=20',
  config: { mainTokenName: 'USDC' }
}
token getBalanceAtom {
  name: 'frmDNMMUSDCETH',
  address: '0x04937b58e05a3a2477402d1f74e66686f58a61a5070fcc6f694fb9a0b3bae422',
  logo: '/zklend/icons/tokens/usdc.svg?w=20',
  config: { mainTokenName: 'USDC' }
}
calling getBalanceAtom eth_sensei {
  name: 'frmDNMMETHUSDC',
  address: '0x9d23d9b1fa0db8c9d75a1df924c3820e594fc4ab1475695889286f3f6df250',
  logo: '/zklend/icons/tokens/eth.svg?w=20',
  config: { mainTokenName: 'ETH' }
}
token getBalanceAtom {
  name: 'frmDNMMETHUSDC',
  address: '0x9d23d9b1fa0db8c9d75a1df924c3820e594fc4ab1475695889286f3f6df250',
  logo: '/zklend/icons/tokens/eth.svg?w=20',
  config: { mainTokenName: 'ETH' }
}
calling getBalanceAtom strk_sensei {
  name: 'frmDNMMSTRKETH',
  address: '0x20d5fc4c9df4f943ebb36078e703369c04176ed00accf290e8295b659d2cea6',
  logo: '/zklend/icons/tokens/strk.svg?w=20',
  config: { mainTokenName: 'STRK' }
}
token getBalanceAtom {
  name: 'frmDNMMSTRKETH',
  address: '0x20d5fc4c9df4f943ebb36078e703369c04176ed00accf290e8295b659d2cea6',
  logo: '/zklend/icons/tokens/strk.svg?w=20',
  config: { mainTokenName: 'STRK' }
}
calling getBalanceAtom eth_sensei_xl {
  name: 'frmDNMMETHUSDC2',
  address: '0x9140757f8fb5748379be582be39d6daf704cc3a0408882c0d57981a885eed9',
  logo: '/zklend/icons/tokens/eth.svg?w=20',
  config: { mainTokenName: 'ETH' }
}
token getBalanceAtom {
  name: 'frmDNMMETHUSDC2',
  address: '0x9140757f8fb5748379be582be39d6daf704cc3a0408882c0d57981a885eed9',
  logo: '/zklend/icons/tokens/eth.svg?w=20',
  config: { mainTokenName: 'ETH' }
}
calling getBalanceAtom xstrk_sensei {
  name: 'frmDNMMSTRKxSTRK',
  address: '0x7023a5cadc8a5db80e4f0fde6b330cbd3c17bbbf9cb145cbabd7bd5e6fb7b0b',
  logo: '/zklend/icons/tokens/strk.svg?w=20',
  config: { mainTokenName: 'STRK' }
}
token getBalanceAtom {
  name: 'frmDNMMSTRKxSTRK',
  address: '0x7023a5cadc8a5db80e4f0fde6b330cbd3c17bbbf9cb145cbabd7bd5e6fb7b0b',
  logo: '/zklend/icons/tokens/strk.svg?w=20',
  config: { mainTokenName: 'STRK' }
}
calling getBalanceAtom vesu_rebalance_strk {
  token: '0xeeb729d554ae486387147b13a9c8871bc7991d454e8b5ff570d4bf94de71e1',
  name: 'STRK',
  decimals: 18,
  displayDecimals: 2,
  logo: '/zklend/icons/tokens/strk.svg?w=20',
  minAmount: {"raw":"10000000000000000000","decimals":18},
  maxAmount: {"raw":"10000000000000000000000","decimals":18},
  stepAmount: {"raw":"10000000000000000000","decimals":18},
  isERC4626: true,
  address: '0xeeb729d554ae486387147b13a9c8871bc7991d454e8b5ff570d4bf94de71e1'
}
token getBalanceAtom {
  token: '0xeeb729d554ae486387147b13a9c8871bc7991d454e8b5ff570d4bf94de71e1',
  name: 'STRK',
  decimals: 18,
  displayDecimals: 2,
  logo: '/zklend/icons/tokens/strk.svg?w=20',
  minAmount: {"raw":"10000000000000000000","decimals":18},
  maxAmount: {"raw":"10000000000000000000000","decimals":18},
  stepAmount: {"raw":"10000000000000000000","decimals":18},
  isERC4626: true,
  address: '0xeeb729d554ae486387147b13a9c8871bc7991d454e8b5ff570d4bf94de71e1'
}
token getBalanceAtom isERC4626 true
token getBalance {
  token: '0x541681b9ad63dff1b35f79c78d8477f64857de29a27902f7298f7b620838ea',
  name: 'frmzSTRK',
  decimals: 18,
  displayDecimals: 2,
  logo: '/zklend/icons/tokens/strk.svg?w=20',
  minAmount: {"raw":"10000000000000000000","decimals":18},
  maxAmount: {"raw":"10000000000000000000000","decimals":18},
  stepAmount: {"raw":"10000000000000000000","decimals":18},
  isERC4626: true
}
token getBalance isERC4626 true
balData isERC4626 0x541681b9ad63dff1b35f79c78d8477f64857de29a27902f7298f7b620838ea
token getBalance {
  token: '0x16912b22d5696e95ffde888ede4bd69fbbc60c5f873082857a47c543172694f',
  name: 'frmzUSDC',
  decimals: 6,
  displayDecimals: 2,
  logo: '/zklend/icons/tokens/usdc.svg?w=20',
  minAmount: {"raw":"10000000","decimals":6},
  maxAmount: {"raw":"10000000000","decimals":6},
  stepAmount: {"raw":"10000000","decimals":6},
  isERC4626: true
}
token getBalance isERC4626 true
balData isERC4626 0x16912b22d5696e95ffde888ede4bd69fbbc60c5f873082857a47c543172694f
token getBalance {
  name: 'frmDNMMUSDCETH',
  address: '0x04937b58e05a3a2477402d1f74e66686f58a61a5070fcc6f694fb9a0b3bae422',
  logo: '/zklend/icons/tokens/usdc.svg?w=20',
  config: { mainTokenName: 'USDC' }
}
token getBalance {
  name: 'frmDNMMETHUSDC',
  address: '0x9d23d9b1fa0db8c9d75a1df924c3820e594fc4ab1475695889286f3f6df250',
  logo: '/zklend/icons/tokens/eth.svg?w=20',
  config: { mainTokenName: 'ETH' }
}
token getBalance {
  name: 'frmDNMMSTRKETH',
  address: '0x20d5fc4c9df4f943ebb36078e703369c04176ed00accf290e8295b659d2cea6',
  logo: '/zklend/icons/tokens/strk.svg?w=20',
  config: { mainTokenName: 'STRK' }
}
token getBalance {
  name: 'frmDNMMETHUSDC2',
  address: '0x9140757f8fb5748379be582be39d6daf704cc3a0408882c0d57981a885eed9',
  logo: '/zklend/icons/tokens/eth.svg?w=20',
  config: { mainTokenName: 'ETH' }
}
token getBalance {
  name: 'frmDNMMSTRKxSTRK',
  address: '0x7023a5cadc8a5db80e4f0fde6b330cbd3c17bbbf9cb145cbabd7bd5e6fb7b0b',
  logo: '/zklend/icons/tokens/strk.svg?w=20',
  config: { mainTokenName: 'STRK' }
}
Setting Endur_stats
Setting zklend_lending_base_aprs
Setting nostra_lending_base_aprs
Setting Endur_stats
Setting zklend_lending_base_aprs
nostra {
  data: {
    documents: [
      [Object], [Object], [Object], [Object], [Object], [Object],
      [Object], [Object], [Object], [Object], [Object], [Object],
      [Object], [Object], [Object], [Object], [Object], [Object],
      [Object], [Object], [Object], [Object], [Object], [Object],
      [Object], [Object], [Object], [Object], [Object], [Object],
      [Object], [Object], [Object], [Object], [Object], [Object],
      [Object], [Object], [Object], [Object], [Object], [Object],
      [Object], [Object], [Object], [Object], [Object], [Object],
      [Object], [Object], [Object], [Object], [Object], [Object],
      [Object], [Object], [Object], [Object], [Object], [Object],
      [Object], [Object], [Object], [Object], [Object], [Object],
      [Object], [Object], [Object], [Object], [Object], [Object],
      [Object], [Object], [Object], [Object], [Object], [Object],
      [Object], [Object], [Object], [Object], [Object], [Object],
      [Object], [Object], [Object], [Object], [Object], [Object],
      [Object], [Object], [Object], [Object], [Object], [Object],
      [Object], [Object], [Object], [Object],
      ... 900 more items
    ]
  },
  error: null,
  isLoading: false,
  isSuccess: true,
  isError: false,
  refetch: [AsyncFunction: refetch]
}
allPools 1
pool.protocol.name Endur
hasRequiredPools false
[VERBOSE] Redis:Price of USDC is {"price":0.999938,"timestamp":"2025-03-22T14:38:57.213Z"}
getPrice redis { price: 0.999938, timestamp: 2025-03-22T14:38:57.213Z } USDC
[VERBOSE] Redis:Price of ETH is {"price":1981.895274,"timestamp":"2025-03-22T14:39:24.167Z"}
getPrice redis { price: 1981.895274, timestamp: 2025-03-22T14:39:24.167Z } ETH
[VERBOSE] Redis:Price of STRK is {"price":0.16487,"timestamp":"2025-03-22T14:39:24.322Z"}
getPrice redis { price: 0.16487, timestamp: 2025-03-22T14:39:24.322Z } STRK
Setting nostra_lending_base_aprs
erc721 position balData 0x9d23d9b1fa0db8c9d75a1df924c3820e594fc4ab1475695889286f3f6df250 {
  '0': {
    acc1_supply_shares: 0n,
    acc1_borrow_shares: 0n,
    acc2_supply_shares: 0n,
    acc2_borrow_shares: 0n
  },
  '1': {
    estimated_size: 0n,
    deposit1: 0n,
    borrow1: 0n,
    deposit2: 0n,
    borrow2: 0n
  }
}
getPrice from redis ETH
getPrice url https://app.strkfarm.com/api/price/ETH
erc721 position balData 0x04937b58e05a3a2477402d1f74e66686f58a61a5070fcc6f694fb9a0b3bae422 {
  '0': {
    acc1_supply_shares: 144448704559178887n,
    acc1_borrow_shares: 1n,
    acc2_supply_shares: 1n,
    acc2_borrow_shares: 80781795933n
  },
  '1': {
    estimated_size: 161264n,
    deposit1: 161264n,
    borrow1: 1n,
    deposit2: 1n,
    borrow2: 0n
  }
}
getPrice from redis USDC
getPrice url https://app.strkfarm.com/api/price/USDC
erc721 position balData 0x20d5fc4c9df4f943ebb36078e703369c04176ed00accf290e8295b659d2cea6 {
  '0': {
    acc1_supply_shares: 4428239371768780n,
    acc1_borrow_shares: 1n,
    acc2_supply_shares: 1n,
    acc2_borrow_shares: 1n
  },
  '1': {
    estimated_size: 4649493209842993n,
    deposit1: 4649493209830944n,
    borrow1: 0n,
    deposit2: 1n,
    borrow2: 1n
  }
}
getPrice from redis STRK
getPrice url https://app.strkfarm.com/api/price/STRK
erc721 position balData 0x9140757f8fb5748379be582be39d6daf704cc3a0408882c0d57981a885eed9 {
  '0': {
    acc1_supply_shares: 0n,
    acc1_borrow_shares: 0n,
    acc2_supply_shares: 0n,
    acc2_borrow_shares: 0n
  },
  '1': {
    estimated_size: 0n,
    deposit1: 0n,
    borrow1: 0n,
    deposit2: 0n,
    borrow2: 0n
  }
}
getPrice from redis ETH
getPrice url https://app.strkfarm.com/api/price/ETH
getUserTVL dnmm 1981.518585 0.0
getUserTVL dnmm 1.003059 0.161264
getUserTVL dnmm 0.16487 0.004649493209842993
getUserTVL dnmm 1981.518585 0.0
[VERBOSE] getPrice from redis: STRK
allPools 1
pool.protocol.name Endur
hasRequiredPools false
erc721 position balData 0x7023a5cadc8a5db80e4f0fde6b330cbd3c17bbbf9cb145cbabd7bd5e6fb7b0b {
  '0': {
    acc1_supply_shares: 0n,
    acc1_borrow_shares: 0n,
    acc2_supply_shares: 3110172869380126n,
    acc2_borrow_shares: 0n
  },
  '1': {
    estimated_size: 3170226198184214n,
    deposit1: 0n,
    borrow1: 0n,
    deposit2: 3059304064462404n,
    borrow2: 0n
  }
}
getPrice from redis STRK
getPrice url https://app.strkfarm.com/api/price/STRK
getUserTVL dnmm 0.16487 0.003170226198184214
allPools 1
pool.protocol.name Endur
hasRequiredPools false
allPools 1
pool.protocol.name Endur
hasRequiredPools false
Setting strk_lending_incentives
Setting strk_lending_incentives
filter USDC true
filter USDT true
filter ETH true
filter STRK true
filter DAI false
filter STB false
filter xSTRK true
filter sSTRK false
filter kSTRK false
filter wstETH false
lending: zkLend {
  data: [
    {
      available_liquidity: '0x0',
      borrow_factor: [Object],
      borrower_count: 0,
      borrowing_apy: [Object],
      collateral_factor: [Object],
      debt_amount: '0xad2dc92c98bb60027c',
      debt_limit: '0x0',
      deposit_limit: null,
      interest_rate_model: [Object],
      lending_apy: [Object],
      price: [Object],
      reserve_balance: '0x432c43fef0b98fe0',
      reserve_factor: [Object],
      supplier_count: 0,
      supply_amount: '0xb014b0008588e3713a',
      token: [Object]
    },
    {
      available_liquidity: '0x0',
      borrow_factor: [Object],
      borrower_count: 0,
      borrowing_apy: [Object],
      collateral_factor: [Object],
      debt_amount: '0x3f2372c710f',
      debt_limit: '0x0',
      deposit_limit: null,
      interest_rate_model: [Object],
      lending_apy: [Object],
      price: [Object],
      reserve_balance: '0xb51a51607',
      reserve_factor: [Object],
      supplier_count: 0,
      supply_amount: '0x3f23b4563e1',
      token: [Object]
    },
    {
      available_liquidity: '0x0',
      borrow_factor: [Object],
      borrower_count: 0,
      borrowing_apy: [Object],
      collateral_factor: [Object],
      debt_amount: '0x2711953',
      debt_limit: '0x0',
      deposit_limit: null,
      interest_rate_model: [Object],
      lending_apy: [Object],
      price: [Object],
      reserve_balance: '0xc6ad4',
      reserve_factor: [Object],
      supplier_count: 0,
      supply_amount: '0xb6db508',
      token: [Object]
    },
    {
      available_liquidity: '0x0',
      borrow_factor: [Object],
      borrower_count: 0,
      borrowing_apy: [Object],
      collateral_factor: [Object],
      debt_amount: '0xf19720a909',
      debt_limit: '0x0',
      deposit_limit: null,
      interest_rate_model: [Object],
      lending_apy: [Object],
      price: [Object],
      reserve_balance: '0x36f09a050',
      reserve_factor: [Object],
      supplier_count: 0,
      supply_amount: '0x12454f36810',
      token: [Object]
    },
    {
      available_liquidity: '0x0',
      borrow_factor: [Object],
      borrower_count: 0,
      borrowing_apy: [Object],
      collateral_factor: [Object],
      debt_amount: '0x57df1c99401396d9142',
      debt_limit: '0x0',
      deposit_limit: null,
      interest_rate_model: [Object],
      lending_apy: [Object],
      price: [Object],
      reserve_balance: '0x3ec246d31b1c1911bb',
      reserve_factor: [Object],
      supplier_count: 0,
      supply_amount: '0x89bfdd74e3590d0f27a',
      token: [Object]
    },
    {
      available_liquidity: '0x0',
      borrow_factor: [Object],
      borrower_count: 0,
      borrowing_apy: [Object],
      collateral_factor: [Object],
      debt_amount: '0x70a21888ee556b28',
      debt_limit: '0x0',
      deposit_limit: null,
      interest_rate_model: [Object],
      lending_apy: [Object],
      price: [Object],
      reserve_balance: '0x275762c4802c8b7',
      reserve_factor: [Object],
      supplier_count: 0,
      supply_amount: '0x18e64b0b4b76a8e81',
      token: [Object]
    },
    {
      available_liquidity: '0x0',
      borrow_factor: [Object],
      borrower_count: 0,
      borrowing_apy: [Object],
      collateral_factor: [Object],
      debt_amount: '0x7dc9c83a1949726797d94',
      debt_limit: '0x0',
      deposit_limit: null,
      interest_rate_model: [Object],
      lending_apy: [Object],
      price: [Object],
      reserve_balance: '0x1c6e4f8617eafd28223',
      reserve_factor: [Object],
      supplier_count: 0,
      supply_amount: '0x9ecac707f5aace86b63f3',
      token: [Object]
    },
    {
      available_liquidity: '0x0',
      borrow_factor: [Object],
      borrower_count: 0,
      borrowing_apy: [Object],
      collateral_factor: [Object],
      debt_amount: '0x97994b60a81941e4f7e',
      debt_limit: '0x0',
      deposit_limit: '0xa968163f0a57b4000000',
      interest_rate_model: [Object],
      lending_apy: [Object],
      price: [Object],
      reserve_balance: '0xccdac45c6a879528a',
      reserve_factor: [Object],
      supplier_count: 0,
      supply_amount: '0x7efe47afd6f7f5334c94',
      token: [Object]
    },
    {
      available_liquidity: '0x0',
      borrow_factor: [Object],
      borrower_count: 0,
      borrowing_apy: [Object],
      collateral_factor: [Object],
      debt_amount: '0x112272475f7985a5b4dd',
      debt_limit: '0x0',
      deposit_limit: null,
      interest_rate_model: [Object],
      lending_apy: [Object],
      price: [Object],
      reserve_balance: '0x2c6b6196c6890dac60',
      reserve_factor: [Object],
      supplier_count: 0,
      supply_amount: '0x142d15c93c60804eae71',
      token: [Object]
    },
    {
      available_liquidity: '0x0',
      borrow_factor: [Object],
      borrower_count: 0,
      borrowing_apy: [Object],
      collateral_factor: [Object],
      debt_amount: '0x52a4aa7093c1fc9158',
      debt_limit: '0x0',
      deposit_limit: '0x1fc3842bd1f071c00000',
      interest_rate_model: [Object],
      lending_apy: [Object],
      price: [Object],
      reserve_balance: '0x161905daa772140',
      reserve_factor: [Object],
      supplier_count: 0,
      supply_amount: '0x14f4f80bbc2d7192777d',
      token: [Object]
    },
    {
      available_liquidity: '0x0',
      borrow_factor: [Object],
      borrower_count: 0,
      borrowing_apy: [Object],
      collateral_factor: [Object],
      debt_amount: '0x394e894e37b9c3326ba',
      debt_limit: '0x0',
      deposit_limit: '0x4f68ca6d8cd91c6000000',
      interest_rate_model: [Object],
      lending_apy: [Object],
      price: [Object],
      reserve_balance: '0xa5858577f69518',
      reserve_factor: [Object],
      supplier_count: 0,
      supply_amount: '0x4a9b65abcfdb05feeb93f',
      token: [Object]
    },
    {
      available_liquidity: '0x0',
      borrow_factor: [Object],
      borrower_count: 0,
      borrowing_apy: [Object],
      collateral_factor: [Object],
      debt_amount: '0x0',
      debt_limit: '0x0',
      deposit_limit: null,
      interest_rate_model: [Object],
      lending_apy: [Object],
      price: [Object],
      reserve_balance: '0x0',
      reserve_factor: [Object],
      supplier_count: 0,
      supply_amount: '0x17dda8220c856737e5c',
      token: [Object]
    }
  ],
  error: null,
  isLoading: false,
  isSuccess: true,
  isError: false,
  refetch: [AsyncFunction: refetch]
}
nostra {
  data: {
    documents: [
      [Object], [Object], [Object], [Object], [Object], [Object],
      [Object], [Object], [Object], [Object], [Object], [Object],
      [Object], [Object], [Object], [Object], [Object], [Object],
      [Object], [Object], [Object], [Object], [Object], [Object],
      [Object], [Object], [Object], [Object], [Object], [Object],
      [Object], [Object], [Object], [Object], [Object], [Object],
      [Object], [Object], [Object], [Object], [Object], [Object],
      [Object], [Object], [Object], [Object], [Object], [Object],
      [Object], [Object], [Object], [Object], [Object], [Object],
      [Object], [Object], [Object], [Object], [Object], [Object],
      [Object], [Object], [Object], [Object], [Object], [Object],
      [Object], [Object], [Object], [Object], [Object], [Object],
      [Object], [Object], [Object], [Object], [Object], [Object],
      [Object], [Object], [Object], [Object], [Object], [Object],
      [Object], [Object], [Object], [Object], [Object], [Object],
      [Object], [Object], [Object], [Object], [Object], [Object],
      [Object], [Object], [Object], [Object],
      ... 900 more items
    ]
  },
  error: null,
  isLoading: false,
  isSuccess: true,
  isError: false,
  refetch: [AsyncFunction: refetch]
}
filter USDC true
filter USDT true
filter ETH true
filter STRK true
filter DAI false
filter STB false
filter xSTRK true
filter sSTRK false
filter kSTRK false
filter wstETH false
nostra [
  {
    pool: { id: 'nostra__usdc', name: 'USDC', logos: [Array] },
    protocol: {
      name: 'Nostra',
      link: 'https://app.nostra.finance/',
      logo: 'https://static-assets-8zct.onrender.com/integrations/nostra/logo_dark.jpg'
    },
    apr: 0.04633908535044822,
    tvl: 6168842.6632233625,
    aprSplits: [ [Object] ],
    category: [ 'Stable Pools' ],
    type: 'Lending',
    borrow: { apr: 0, borrowFactor: 0 },
    lending: { collateralFactor: 0 },
    additional: { tags: [Array], isAudited: false, riskFactor: 0.5 }
  },
  {
    pool: { id: 'nostra__usdt', name: 'USDT', logos: [Array] },
    protocol: {
      name: 'Nostra',
      link: 'https://app.nostra.finance/',
      logo: 'https://static-assets-8zct.onrender.com/integrations/nostra/logo_dark.jpg'
    },
    apr: 0.04630774631212589,
    tvl: 3104241.9596495256,
    aprSplits: [ [Object] ],
    category: [ 'Stable Pools' ],
    type: 'Lending',
    borrow: { apr: 0, borrowFactor: 0 },
    lending: { collateralFactor: 0 },
    additional: { tags: [Array], isAudited: false, riskFactor: 0.5 }
  },
  {
    pool: { id: 'nostra__eth', name: 'ETH', logos: [Array] },
    protocol: {
      name: 'Nostra',
      link: 'https://app.nostra.finance/',
      logo: 'https://static-assets-8zct.onrender.com/integrations/nostra/logo_dark.jpg'
    },
    apr: 0.05192846855241792,
    tvl: 21642402.511290062,
    aprSplits: [ [Object] ],
    category: [ 'ETH Pools' ],
    type: 'Lending',
    borrow: { apr: 0, borrowFactor: 0 },
    lending: { collateralFactor: 0 },
    additional: { tags: [Array], isAudited: false, riskFactor: 0.5 }
  },
  {
    pool: { id: 'nostra__strk', name: 'STRK', logos: [Array] },
    protocol: {
      name: 'Nostra',
      link: 'https://app.nostra.finance/',
      logo: 'https://static-assets-8zct.onrender.com/integrations/nostra/logo_dark.jpg'
    },
    apr: 0.040694709848873835,
    tvl: 10730640.096800737,
    aprSplits: [ [Object] ],
    category: [ 'STRK Pools' ],
    type: 'Lending',
    borrow: { apr: 0, borrowFactor: 0 },
    lending: { collateralFactor: 0 },
    additional: { tags: [Array], isAudited: false, riskFactor: 0.5 }
  },
  {
    pool: { id: 'nostra__xstrk', name: 'xSTRK', logos: [Array] },
    protocol: {
      name: 'Nostra',
      link: 'https://app.nostra.finance/',
      logo: 'https://static-assets-8zct.onrender.com/integrations/nostra/logo_dark.jpg'
    },
    apr: 0.030825642228560195,
    tvl: 861135.6982844305,
    aprSplits: [ [Object] ],
    category: [ 'STRK Pools' ],
    type: 'Lending',
    borrow: { apr: 0, borrowFactor: 0 },
    lending: { collateralFactor: 0 },
    additional: { tags: [Array], isAudited: false, riskFactor: 0.5 }
  }
]
lending: Nostra {
  data: {
    documents: [
      [Object], [Object], [Object], [Object], [Object], [Object],
      [Object], [Object], [Object], [Object], [Object], [Object],
      [Object], [Object], [Object], [Object], [Object], [Object],
      [Object], [Object], [Object], [Object], [Object], [Object],
      [Object], [Object], [Object], [Object], [Object], [Object],
      [Object], [Object], [Object], [Object], [Object], [Object],
      [Object], [Object], [Object], [Object], [Object], [Object],
      [Object], [Object], [Object], [Object], [Object], [Object],
      [Object], [Object], [Object], [Object], [Object], [Object],
      [Object], [Object], [Object], [Object], [Object], [Object],
      [Object], [Object], [Object], [Object], [Object], [Object],
      [Object], [Object], [Object], [Object], [Object], [Object],
      [Object], [Object], [Object], [Object], [Object], [Object],
      [Object], [Object], [Object], [Object], [Object], [Object],
      [Object], [Object], [Object], [Object], [Object], [Object],
      [Object], [Object], [Object], [Object], [Object], [Object],
      [Object], [Object], [Object], [Object],
      ... 900 more items
    ]
  },
  error: null,
  isLoading: false,
  isSuccess: true,
  isError: false,
  refetch: [AsyncFunction: refetch]
}
nostra {
  data: {
    documents: [
      [Object], [Object], [Object], [Object], [Object], [Object],
      [Object], [Object], [Object], [Object], [Object], [Object],
      [Object], [Object], [Object], [Object], [Object], [Object],
      [Object], [Object], [Object], [Object], [Object], [Object],
      [Object], [Object], [Object], [Object], [Object], [Object],
      [Object], [Object], [Object], [Object], [Object], [Object],
      [Object], [Object], [Object], [Object], [Object], [Object],
      [Object], [Object], [Object], [Object], [Object], [Object],
      [Object], [Object], [Object], [Object], [Object], [Object],
      [Object], [Object], [Object], [Object], [Object], [Object],
      [Object], [Object], [Object], [Object], [Object], [Object],
      [Object], [Object], [Object], [Object], [Object], [Object],
      [Object], [Object], [Object], [Object], [Object], [Object],
      [Object], [Object], [Object], [Object], [Object], [Object],
      [Object], [Object], [Object], [Object], [Object], [Object],
      [Object], [Object], [Object], [Object], [Object], [Object],
      [Object], [Object], [Object], [Object],
      ... 900 more items
    ]
  },
  error: null,
  isLoading: false,
  isSuccess: true,
  isError: false,
  refetch: [AsyncFunction: refetch]
}
nostra {
  _id: '67ddc55862aeca4a792c781d',
  id: '1248934-USDC',
  asset: 'USDC',
  block: 1248934,
  borrowingApy: '35244437957999747',
  borrowingIndex: '1127181498868444329',
  lendingApy: '17390385697654107',
  lendingIndex: '1067233613185768340',
  timestamp: 1742587185
}
nostra {
  data: {
    documents: [
      [Object], [Object], [Object], [Object], [Object], [Object],
      [Object], [Object], [Object], [Object], [Object], [Object],
      [Object], [Object], [Object], [Object], [Object], [Object],
      [Object], [Object], [Object], [Object], [Object], [Object],
      [Object], [Object], [Object], [Object], [Object], [Object],
      [Object], [Object], [Object], [Object], [Object], [Object],
      [Object], [Object], [Object], [Object], [Object], [Object],
      [Object], [Object], [Object], [Object], [Object], [Object],
      [Object], [Object], [Object], [Object], [Object], [Object],
      [Object], [Object], [Object], [Object], [Object], [Object],
      [Object], [Object], [Object], [Object], [Object], [Object],
      [Object], [Object], [Object], [Object], [Object], [Object],
      [Object], [Object], [Object], [Object], [Object], [Object],
      [Object], [Object], [Object], [Object], [Object], [Object],
      [Object], [Object], [Object], [Object], [Object], [Object],
      [Object], [Object], [Object], [Object], [Object], [Object],
      [Object], [Object], [Object], [Object],
      ... 900 more items
    ]
  },
  error: null,
  isLoading: false,
  isSuccess: true,
  isError: false,
  refetch: [AsyncFunction: refetch]
}
nostra {
  _id: '67de0ba762aeca4a7964dab0',
  id: '1249522-USDT',
  asset: 'USDT',
  block: 1249522,
  borrowingApy: '35446630243574858',
  borrowingIndex: '1128436693608264013',
  lendingApy: '17590490338746021',
  lendingIndex: '1068142015486010682',
  timestamp: 1742605185
}
nostra {
  data: {
    documents: [
      [Object], [Object], [Object], [Object], [Object], [Object],
      [Object], [Object], [Object], [Object], [Object], [Object],
      [Object], [Object], [Object], [Object], [Object], [Object],
      [Object], [Object], [Object], [Object], [Object], [Object],
      [Object], [Object], [Object], [Object], [Object], [Object],
      [Object], [Object], [Object], [Object], [Object], [Object],
      [Object], [Object], [Object], [Object], [Object], [Object],
      [Object], [Object], [Object], [Object], [Object], [Object],
      [Object], [Object], [Object], [Object], [Object], [Object],
      [Object], [Object], [Object], [Object], [Object], [Object],
      [Object], [Object], [Object], [Object], [Object], [Object],
      [Object], [Object], [Object], [Object], [Object], [Object],
      [Object], [Object], [Object], [Object], [Object], [Object],
      [Object], [Object], [Object], [Object], [Object], [Object],
      [Object], [Object], [Object], [Object], [Object], [Object],
      [Object], [Object], [Object], [Object], [Object], [Object],
      [Object], [Object], [Object], [Object],
      ... 900 more items
    ]
  },
  error: null,
  isLoading: false,
  isSuccess: true,
  isError: false,
  refetch: [AsyncFunction: refetch]
}
nostra {
  _id: '67deb1c2504451e238aca456',
  id: '1250900-ETH',
  asset: 'ETH',
  block: 1250900,
  borrowingApy: '2556694093936222',
  borrowingIndex: '1024320075721766019',
  lendingApy: '152522642765928',
  lendingIndex: '1006208780068960308',
  timestamp: 1742647710
}
nostra {
  data: {
    documents: [
      [Object], [Object], [Object], [Object], [Object], [Object],
      [Object], [Object], [Object], [Object], [Object], [Object],
      [Object], [Object], [Object], [Object], [Object], [Object],
      [Object], [Object], [Object], [Object], [Object], [Object],
      [Object], [Object], [Object], [Object], [Object], [Object],
      [Object], [Object], [Object], [Object], [Object], [Object],
      [Object], [Object], [Object], [Object], [Object], [Object],
      [Object], [Object], [Object], [Object], [Object], [Object],
      [Object], [Object], [Object], [Object], [Object], [Object],
      [Object], [Object], [Object], [Object], [Object], [Object],
      [Object], [Object], [Object], [Object], [Object], [Object],
      [Object], [Object], [Object], [Object], [Object], [Object],
      [Object], [Object], [Object], [Object], [Object], [Object],
      [Object], [Object], [Object], [Object], [Object], [Object],
      [Object], [Object], [Object], [Object], [Object], [Object],
      [Object], [Object], [Object], [Object], [Object], [Object],
      [Object], [Object], [Object], [Object],
      ... 900 more items
    ]
  },
  error: null,
  isLoading: false,
  isSuccess: true,
  isError: false,
  refetch: [AsyncFunction: refetch]
}
nostra {
  _id: '67dd8f6b62aeca4a790140dc',
  id: '1248484-STRK',
  asset: 'STRK',
  block: 1248484,
  borrowingApy: '5419479016269688',
  borrowingIndex: '1017311610397418095',
  lendingApy: '513988174136280',
  lendingIndex: '1001863826540356929',
  timestamp: 1742573381
}
nostra {
  data: {
    documents: [
      [Object], [Object], [Object], [Object], [Object], [Object],
      [Object], [Object], [Object], [Object], [Object], [Object],
      [Object], [Object], [Object], [Object], [Object], [Object],
      [Object], [Object], [Object], [Object], [Object], [Object],
      [Object], [Object], [Object], [Object], [Object], [Object],
      [Object], [Object], [Object], [Object], [Object], [Object],
      [Object], [Object], [Object], [Object], [Object], [Object],
      [Object], [Object], [Object], [Object], [Object], [Object],
      [Object], [Object], [Object], [Object], [Object], [Object],
      [Object], [Object], [Object], [Object], [Object], [Object],
      [Object], [Object], [Object], [Object], [Object], [Object],
      [Object], [Object], [Object], [Object], [Object], [Object],
      [Object], [Object], [Object], [Object], [Object], [Object],
      [Object], [Object], [Object], [Object], [Object], [Object],
      [Object], [Object], [Object], [Object], [Object], [Object],
      [Object], [Object], [Object], [Object], [Object], [Object],
      [Object], [Object], [Object], [Object],
      ... 900 more items
    ]
  },
  error: null,
  isLoading: false,
  isSuccess: true,
  isError: false,
  refetch: [AsyncFunction: refetch]
}
nostra {
  _id: '67deb922504451e238b2c78b',
  id: '1250962-xSTRK',
  asset: 'xSTRK',
  block: 1250962,
  borrowingApy: '13611673395828901',
  borrowingIndex: '1002196967833634080',
  lendingApy: '810589730276883',
  lendingIndex: '1000120507906057348',
  timestamp: 1742649594
}
allPools 10
pool.protocol.name zkLend
pool.protocol.name zkLend
pool.protocol.name zkLend
pool.protocol.name zkLend
pool.protocol.name zkLend
pool.protocol.name Nostra
pool.protocol.name zkLend
pool.protocol.name zkLend
pool.protocol.name zkLend
pool.protocol.name zkLend
pool.protocol.name Nostra
pool.protocol.name Nostra
pool.protocol.name Nostra
pool.protocol.name Nostra
pool.protocol.name Nostra
pool.protocol.name Endur
hasRequiredPools false
allPools 10
pool.protocol.name zkLend
pool.protocol.name zkLend
pool.protocol.name zkLend
pool.protocol.name zkLend
pool.protocol.name zkLend
pool.protocol.name Nostra
pool.protocol.name zkLend
pool.protocol.name zkLend
pool.protocol.name zkLend
pool.protocol.name zkLend
pool.protocol.name Nostra
pool.protocol.name Nostra
pool.protocol.name Nostra
pool.protocol.name Nostra
pool.protocol.name Nostra
pool.protocol.name Endur
hasRequiredPools false
Setting strk_dex_incentives
allPools 10
pool.protocol.name zkLend
pool.protocol.name zkLend
pool.protocol.name zkLend
pool.protocol.name zkLend
pool.protocol.name zkLend
pool.protocol.name Nostra
pool.protocol.name zkLend
pool.protocol.name zkLend
pool.protocol.name zkLend
pool.protocol.name zkLend
pool.protocol.name Nostra
pool.protocol.name Nostra
pool.protocol.name Nostra
pool.protocol.name Nostra
pool.protocol.name Nostra
pool.protocol.name Endur
hasRequiredPools false
allPools 10
pool.protocol.name zkLend
pool.protocol.name zkLend
pool.protocol.name zkLend
pool.protocol.name zkLend
pool.protocol.name zkLend
pool.protocol.name Nostra
pool.protocol.name zkLend
pool.protocol.name zkLend
pool.protocol.name zkLend
pool.protocol.name zkLend
pool.protocol.name Nostra
pool.protocol.name Nostra
pool.protocol.name Nostra
pool.protocol.name Nostra
pool.protocol.name Nostra
pool.protocol.name Endur
hasRequiredPools false
Setting strk_lending_incentives
allPools 10
pool.protocol.name zkLend
pool.protocol.name zkLend
pool.protocol.name zkLend
pool.protocol.name zkLend
pool.protocol.name zkLend
pool.protocol.name Nostra
pool.protocol.name zkLend
pool.protocol.name zkLend
pool.protocol.name zkLend
pool.protocol.name zkLend
pool.protocol.name Nostra
pool.protocol.name Nostra
pool.protocol.name Nostra
pool.protocol.name Nostra
pool.protocol.name Nostra
pool.protocol.name Endur
hasRequiredPools false
Setting strk_dex_incentives
calling getBalanceAtom auto_token_strk {
  token: '0x541681b9ad63dff1b35f79c78d8477f64857de29a27902f7298f7b620838ea',
  name: 'frmzSTRK',
  decimals: 18,
  displayDecimals: 2,
  logo: '/zklend/icons/tokens/strk.svg?w=20',
  minAmount: {"raw":"10000000000000000000","decimals":18},
  maxAmount: {"raw":"10000000000000000000000","decimals":18},
  stepAmount: {"raw":"10000000000000000000","decimals":18},
  isERC4626: true
}
token getBalanceAtom {
  token: '0x541681b9ad63dff1b35f79c78d8477f64857de29a27902f7298f7b620838ea',
  name: 'frmzSTRK',
  decimals: 18,
  displayDecimals: 2,
  logo: '/zklend/icons/tokens/strk.svg?w=20',
  minAmount: {"raw":"10000000000000000000","decimals":18},
  maxAmount: {"raw":"10000000000000000000000","decimals":18},
  stepAmount: {"raw":"10000000000000000000","decimals":18},
  isERC4626: true
}
token getBalanceAtom isERC4626 true
calling getBalanceAtom auto_token_usdc {
  token: '0x16912b22d5696e95ffde888ede4bd69fbbc60c5f873082857a47c543172694f',
  name: 'frmzUSDC',
  decimals: 6,
  displayDecimals: 2,
  logo: '/zklend/icons/tokens/usdc.svg?w=20',
  minAmount: {"raw":"10000000","decimals":6},
  maxAmount: {"raw":"10000000000","decimals":6},
  stepAmount: {"raw":"10000000","decimals":6},
  isERC4626: true
}
token getBalanceAtom {
  token: '0x16912b22d5696e95ffde888ede4bd69fbbc60c5f873082857a47c543172694f',
  name: 'frmzUSDC',
  decimals: 6,
  displayDecimals: 2,
  logo: '/zklend/icons/tokens/usdc.svg?w=20',
  minAmount: {"raw":"10000000","decimals":6},
  maxAmount: {"raw":"10000000000","decimals":6},
  stepAmount: {"raw":"10000000","decimals":6},
  isERC4626: true
}
token getBalanceAtom isERC4626 true
calling getBalanceAtom usdc_sensei {
  name: 'frmDNMMUSDCETH',
  address: '0x04937b58e05a3a2477402d1f74e66686f58a61a5070fcc6f694fb9a0b3bae422',
  logo: '/zklend/icons/tokens/usdc.svg?w=20',
  config: { mainTokenName: 'USDC' }
}
token getBalanceAtom {
  name: 'frmDNMMUSDCETH',
  address: '0x04937b58e05a3a2477402d1f74e66686f58a61a5070fcc6f694fb9a0b3bae422',
  logo: '/zklend/icons/tokens/usdc.svg?w=20',
  config: { mainTokenName: 'USDC' }
}
calling getBalanceAtom eth_sensei {
  name: 'frmDNMMETHUSDC',
  address: '0x9d23d9b1fa0db8c9d75a1df924c3820e594fc4ab1475695889286f3f6df250',
  logo: '/zklend/icons/tokens/eth.svg?w=20',
  config: { mainTokenName: 'ETH' }
}
token getBalanceAtom {
  name: 'frmDNMMETHUSDC',
  address: '0x9d23d9b1fa0db8c9d75a1df924c3820e594fc4ab1475695889286f3f6df250',
  logo: '/zklend/icons/tokens/eth.svg?w=20',
  config: { mainTokenName: 'ETH' }
}
calling getBalanceAtom strk_sensei {
  name: 'frmDNMMSTRKETH',
  address: '0x20d5fc4c9df4f943ebb36078e703369c04176ed00accf290e8295b659d2cea6',
  logo: '/zklend/icons/tokens/strk.svg?w=20',
  config: { mainTokenName: 'STRK' }
}
token getBalanceAtom {
  name: 'frmDNMMSTRKETH',
  address: '0x20d5fc4c9df4f943ebb36078e703369c04176ed00accf290e8295b659d2cea6',
  logo: '/zklend/icons/tokens/strk.svg?w=20',
  config: { mainTokenName: 'STRK' }
}
calling getBalanceAtom eth_sensei_xl {
  name: 'frmDNMMETHUSDC2',
  address: '0x9140757f8fb5748379be582be39d6daf704cc3a0408882c0d57981a885eed9',
  logo: '/zklend/icons/tokens/eth.svg?w=20',
  config: { mainTokenName: 'ETH' }
}
token getBalanceAtom {
  name: 'frmDNMMETHUSDC2',
  address: '0x9140757f8fb5748379be582be39d6daf704cc3a0408882c0d57981a885eed9',
  logo: '/zklend/icons/tokens/eth.svg?w=20',
  config: { mainTokenName: 'ETH' }
}
calling getBalanceAtom xstrk_sensei {
  name: 'frmDNMMSTRKxSTRK',
  address: '0x7023a5cadc8a5db80e4f0fde6b330cbd3c17bbbf9cb145cbabd7bd5e6fb7b0b',
  logo: '/zklend/icons/tokens/strk.svg?w=20',
  config: { mainTokenName: 'STRK' }
}
token getBalanceAtom {
  name: 'frmDNMMSTRKxSTRK',
  address: '0x7023a5cadc8a5db80e4f0fde6b330cbd3c17bbbf9cb145cbabd7bd5e6fb7b0b',
  logo: '/zklend/icons/tokens/strk.svg?w=20',
  config: { mainTokenName: 'STRK' }
}
calling getBalanceAtom vesu_rebalance_strk {
  token: '0xeeb729d554ae486387147b13a9c8871bc7991d454e8b5ff570d4bf94de71e1',
  name: 'STRK',
  decimals: 18,
  displayDecimals: 2,
  logo: '/zklend/icons/tokens/strk.svg?w=20',
  minAmount: {"raw":"10000000000000000000","decimals":18},
  maxAmount: {"raw":"10000000000000000000000","decimals":18},
  stepAmount: {"raw":"10000000000000000000","decimals":18},
  isERC4626: true,
  address: '0xeeb729d554ae486387147b13a9c8871bc7991d454e8b5ff570d4bf94de71e1'
}
token getBalanceAtom {
  token: '0xeeb729d554ae486387147b13a9c8871bc7991d454e8b5ff570d4bf94de71e1',
  name: 'STRK',
  decimals: 18,
  displayDecimals: 2,
  logo: '/zklend/icons/tokens/strk.svg?w=20',
  minAmount: {"raw":"10000000000000000000","decimals":18},
  maxAmount: {"raw":"10000000000000000000000","decimals":18},
  stepAmount: {"raw":"10000000000000000000","decimals":18},
  isERC4626: true,
  address: '0xeeb729d554ae486387147b13a9c8871bc7991d454e8b5ff570d4bf94de71e1'
}
token getBalanceAtom isERC4626 true
token getBalance {
  token: '0x541681b9ad63dff1b35f79c78d8477f64857de29a27902f7298f7b620838ea',
  name: 'frmzSTRK',
  decimals: 18,
  displayDecimals: 2,
  logo: '/zklend/icons/tokens/strk.svg?w=20',
  minAmount: {"raw":"10000000000000000000","decimals":18},
  maxAmount: {"raw":"10000000000000000000000","decimals":18},
  stepAmount: {"raw":"10000000000000000000","decimals":18},
  isERC4626: true
}
token getBalance isERC4626 true
balData isERC4626 0x541681b9ad63dff1b35f79c78d8477f64857de29a27902f7298f7b620838ea
token getBalance {
  token: '0x16912b22d5696e95ffde888ede4bd69fbbc60c5f873082857a47c543172694f',
  name: 'frmzUSDC',
  decimals: 6,
  displayDecimals: 2,
  logo: '/zklend/icons/tokens/usdc.svg?w=20',
  minAmount: {"raw":"10000000","decimals":6},
  maxAmount: {"raw":"10000000000","decimals":6},
  stepAmount: {"raw":"10000000","decimals":6},
  isERC4626: true
}
token getBalance isERC4626 true
balData isERC4626 0x16912b22d5696e95ffde888ede4bd69fbbc60c5f873082857a47c543172694f
token getBalance {
  name: 'frmDNMMUSDCETH',
  address: '0x04937b58e05a3a2477402d1f74e66686f58a61a5070fcc6f694fb9a0b3bae422',
  logo: '/zklend/icons/tokens/usdc.svg?w=20',
  config: { mainTokenName: 'USDC' }
}
token getBalance {
  name: 'frmDNMMETHUSDC',
  address: '0x9d23d9b1fa0db8c9d75a1df924c3820e594fc4ab1475695889286f3f6df250',
  logo: '/zklend/icons/tokens/eth.svg?w=20',
  config: { mainTokenName: 'ETH' }
}
token getBalance {
  name: 'frmDNMMSTRKETH',
  address: '0x20d5fc4c9df4f943ebb36078e703369c04176ed00accf290e8295b659d2cea6',
  logo: '/zklend/icons/tokens/strk.svg?w=20',
  config: { mainTokenName: 'STRK' }
}
token getBalance {
  name: 'frmDNMMETHUSDC2',
  address: '0x9140757f8fb5748379be582be39d6daf704cc3a0408882c0d57981a885eed9',
  logo: '/zklend/icons/tokens/eth.svg?w=20',
  config: { mainTokenName: 'ETH' }
}
token getBalance {
  name: 'frmDNMMSTRKxSTRK',
  address: '0x7023a5cadc8a5db80e4f0fde6b330cbd3c17bbbf9cb145cbabd7bd5e6fb7b0b',
  logo: '/zklend/icons/tokens/strk.svg?w=20',
  config: { mainTokenName: 'STRK' }
}
allPools 10
pool.protocol.name zkLend
pool.protocol.name zkLend
pool.protocol.name zkLend
pool.protocol.name zkLend
pool.protocol.name zkLend
pool.protocol.name Nostra
pool.protocol.name zkLend
pool.protocol.name zkLend
pool.protocol.name zkLend
pool.protocol.name zkLend
pool.protocol.name Nostra
pool.protocol.name Nostra
pool.protocol.name Nostra
pool.protocol.name Nostra
pool.protocol.name Nostra
pool.protocol.name Endur
hasRequiredPools false
Refetching strk_dex_incentives
Fetching strk_dex_incentives
Refetching strk_lending_incentives
Fetching strk_lending_incentives
Refetching zklend_lending_base_aprs
Fetching zklend_lending_base_aprs
Refetching Endur_stats
Fetching Endur_stats
Refetching Endur_reward
Fetching Endur_reward
erc721 position balData 0x9140757f8fb5748379be582be39d6daf704cc3a0408882c0d57981a885eed9 {
  '0': {
    acc1_supply_shares: 0n,
    acc1_borrow_shares: 0n,
    acc2_supply_shares: 0n,
    acc2_borrow_shares: 0n
  },
  '1': {
    estimated_size: 0n,
    deposit1: 0n,
    borrow1: 0n,
    deposit2: 0n,
    borrow2: 0n
  }
}
getPrice from redis ETH
getPrice url https://app.strkfarm.com/api/price/ETH
Refetching nostra_lending_base_aprs
Fetching nostra_lending_base_aprs
getUserTVL dnmm 1981.895274 0.0
Refetching vesu_base_aprs
Fetching vesu_base_aprs
Fetching Vesu base APYs
calling getBalanceAtom auto_token_strk {
  token: '0x541681b9ad63dff1b35f79c78d8477f64857de29a27902f7298f7b620838ea',
  name: 'frmzSTRK',
  decimals: 18,
  displayDecimals: 2,
  logo: '/zklend/icons/tokens/strk.svg?w=20',
  minAmount: {"raw":"10000000000000000000","decimals":18},
  maxAmount: {"raw":"10000000000000000000000","decimals":18},
  stepAmount: {"raw":"10000000000000000000","decimals":18},
  isERC4626: true
}
token getBalanceAtom {
  token: '0x541681b9ad63dff1b35f79c78d8477f64857de29a27902f7298f7b620838ea',
  name: 'frmzSTRK',
  decimals: 18,
  displayDecimals: 2,
  logo: '/zklend/icons/tokens/strk.svg?w=20',
  minAmount: {"raw":"10000000000000000000","decimals":18},
  maxAmount: {"raw":"10000000000000000000000","decimals":18},
  stepAmount: {"raw":"10000000000000000000","decimals":18},
  isERC4626: true
}
token getBalanceAtom isERC4626 true
calling getBalanceAtom auto_token_usdc {
  token: '0x16912b22d5696e95ffde888ede4bd69fbbc60c5f873082857a47c543172694f',
  name: 'frmzUSDC',
  decimals: 6,
  displayDecimals: 2,
  logo: '/zklend/icons/tokens/usdc.svg?w=20',
  minAmount: {"raw":"10000000","decimals":6},
  maxAmount: {"raw":"10000000000","decimals":6},
  stepAmount: {"raw":"10000000","decimals":6},
  isERC4626: true
}
token getBalanceAtom {
  token: '0x16912b22d5696e95ffde888ede4bd69fbbc60c5f873082857a47c543172694f',
  name: 'frmzUSDC',
  decimals: 6,
  displayDecimals: 2,
  logo: '/zklend/icons/tokens/usdc.svg?w=20',
  minAmount: {"raw":"10000000","decimals":6},
  maxAmount: {"raw":"10000000000","decimals":6},
  stepAmount: {"raw":"10000000","decimals":6},
  isERC4626: true
}
token getBalanceAtom isERC4626 true
calling getBalanceAtom usdc_sensei {
  name: 'frmDNMMUSDCETH',
  address: '0x04937b58e05a3a2477402d1f74e66686f58a61a5070fcc6f694fb9a0b3bae422',
  logo: '/zklend/icons/tokens/usdc.svg?w=20',
  config: { mainTokenName: 'USDC' }
}
token getBalanceAtom {
  name: 'frmDNMMUSDCETH',
  address: '0x04937b58e05a3a2477402d1f74e66686f58a61a5070fcc6f694fb9a0b3bae422',
  logo: '/zklend/icons/tokens/usdc.svg?w=20',
  config: { mainTokenName: 'USDC' }
}
calling getBalanceAtom eth_sensei {
  name: 'frmDNMMETHUSDC',
  address: '0x9d23d9b1fa0db8c9d75a1df924c3820e594fc4ab1475695889286f3f6df250',
  logo: '/zklend/icons/tokens/eth.svg?w=20',
  config: { mainTokenName: 'ETH' }
}
token getBalanceAtom {
  name: 'frmDNMMETHUSDC',
  address: '0x9d23d9b1fa0db8c9d75a1df924c3820e594fc4ab1475695889286f3f6df250',
  logo: '/zklend/icons/tokens/eth.svg?w=20',
  config: { mainTokenName: 'ETH' }
}
calling getBalanceAtom strk_sensei {
  name: 'frmDNMMSTRKETH',
  address: '0x20d5fc4c9df4f943ebb36078e703369c04176ed00accf290e8295b659d2cea6',
  logo: '/zklend/icons/tokens/strk.svg?w=20',
  config: { mainTokenName: 'STRK' }
}
token getBalanceAtom {
  name: 'frmDNMMSTRKETH',
  address: '0x20d5fc4c9df4f943ebb36078e703369c04176ed00accf290e8295b659d2cea6',
  logo: '/zklend/icons/tokens/strk.svg?w=20',
  config: { mainTokenName: 'STRK' }
}
calling getBalanceAtom eth_sensei_xl {
  name: 'frmDNMMETHUSDC2',
  address: '0x9140757f8fb5748379be582be39d6daf704cc3a0408882c0d57981a885eed9',
  logo: '/zklend/icons/tokens/eth.svg?w=20',
  config: { mainTokenName: 'ETH' }
}
token getBalanceAtom {
  name: 'frmDNMMETHUSDC2',
  address: '0x9140757f8fb5748379be582be39d6daf704cc3a0408882c0d57981a885eed9',
  logo: '/zklend/icons/tokens/eth.svg?w=20',
  config: { mainTokenName: 'ETH' }
}
calling getBalanceAtom xstrk_sensei {
  name: 'frmDNMMSTRKxSTRK',
  address: '0x7023a5cadc8a5db80e4f0fde6b330cbd3c17bbbf9cb145cbabd7bd5e6fb7b0b',
  logo: '/zklend/icons/tokens/strk.svg?w=20',
  config: { mainTokenName: 'STRK' }
}
token getBalanceAtom {
  name: 'frmDNMMSTRKxSTRK',
  address: '0x7023a5cadc8a5db80e4f0fde6b330cbd3c17bbbf9cb145cbabd7bd5e6fb7b0b',
  logo: '/zklend/icons/tokens/strk.svg?w=20',
  config: { mainTokenName: 'STRK' }
}
calling getBalanceAtom vesu_rebalance_strk {
  token: '0xeeb729d554ae486387147b13a9c8871bc7991d454e8b5ff570d4bf94de71e1',
  name: 'STRK',
  decimals: 18,
  displayDecimals: 2,
  logo: '/zklend/icons/tokens/strk.svg?w=20',
  minAmount: {"raw":"10000000000000000000","decimals":18},
  maxAmount: {"raw":"10000000000000000000000","decimals":18},
  stepAmount: {"raw":"10000000000000000000","decimals":18},
  isERC4626: true,
  address: '0xeeb729d554ae486387147b13a9c8871bc7991d454e8b5ff570d4bf94de71e1'
}
token getBalanceAtom {
  token: '0xeeb729d554ae486387147b13a9c8871bc7991d454e8b5ff570d4bf94de71e1',
  name: 'STRK',
  decimals: 18,
  displayDecimals: 2,
  logo: '/zklend/icons/tokens/strk.svg?w=20',
  minAmount: {"raw":"10000000000000000000","decimals":18},
  maxAmount: {"raw":"10000000000000000000000","decimals":18},
  stepAmount: {"raw":"10000000000000000000","decimals":18},
  isERC4626: true,
  address: '0xeeb729d554ae486387147b13a9c8871bc7991d454e8b5ff570d4bf94de71e1'
}
token getBalanceAtom isERC4626 true
erc721 position balData 0x20d5fc4c9df4f943ebb36078e703369c04176ed00accf290e8295b659d2cea6 {
  '0': {
    acc1_supply_shares: 4428239371768780n,
    acc1_borrow_shares: 1n,
    acc2_supply_shares: 1n,
    acc2_borrow_shares: 1n
  },
  '1': {
    estimated_size: 4649493209842993n,
    deposit1: 4649493209830944n,
    borrow1: 0n,
    deposit2: 1n,
    borrow2: 1n
  }
}
getPrice from redis STRK
getPrice url https://app.strkfarm.com/api/price/STRK
erc721 position balData 0x9d23d9b1fa0db8c9d75a1df924c3820e594fc4ab1475695889286f3f6df250 {
  '0': {
    acc1_supply_shares: 0n,
    acc1_borrow_shares: 0n,
    acc2_supply_shares: 0n,
    acc2_borrow_shares: 0n
  },
  '1': {
    estimated_size: 0n,
    deposit1: 0n,
    borrow1: 0n,
    deposit2: 0n,
    borrow2: 0n
  }
}
getPrice from redis ETH
getPrice url https://app.strkfarm.com/api/price/ETH
erc721 position balData 0x04937b58e05a3a2477402d1f74e66686f58a61a5070fcc6f694fb9a0b3bae422 {
  '0': {
    acc1_supply_shares: 144448704559178887n,
    acc1_borrow_shares: 1n,
    acc2_supply_shares: 1n,
    acc2_borrow_shares: 80781795933n
  },
  '1': {
    estimated_size: 161264n,
    deposit1: 161264n,
    borrow1: 1n,
    deposit2: 1n,
    borrow2: 0n
  }
}
getPrice from redis USDC
getPrice url https://app.strkfarm.com/api/price/USDC
getUserTVL dnmm 0.16487 0.004649493209842993
getUserTVL dnmm 1981.895274 0.0
Setting Endur_stats
getUserTVL dnmm 0.999938 0.161264
allPools 10
pool.protocol.name zkLend
pool.protocol.name zkLend
pool.protocol.name zkLend
pool.protocol.name zkLend
pool.protocol.name zkLend
pool.protocol.name Nostra
pool.protocol.name zkLend
pool.protocol.name zkLend
pool.protocol.name zkLend
pool.protocol.name zkLend
pool.protocol.name Nostra
pool.protocol.name Nostra
pool.protocol.name Nostra
pool.protocol.name Nostra
pool.protocol.name Nostra
pool.protocol.name Endur
hasRequiredPools false
Setting zklend_lending_base_aprs
erc721 position balData 0x7023a5cadc8a5db80e4f0fde6b330cbd3c17bbbf9cb145cbabd7bd5e6fb7b0b {
  '0': {
    acc1_supply_shares: 0n,
    acc1_borrow_shares: 0n,
    acc2_supply_shares: 3110172869380126n,
    acc2_borrow_shares: 0n
  },
  '1': {
    estimated_size: 3170226198184214n,
    deposit1: 0n,
    borrow1: 0n,
    deposit2: 3059304064462404n,
    borrow2: 0n
  }
}
getPrice from redis STRK
getPrice url https://app.strkfarm.com/api/price/STRK
[VERBOSE] getPrice from redis: STRK
getUserTVL dnmm 0.16487 0.003170226198184214
calling getBalanceAtom auto_token_strk {
  token: '0x541681b9ad63dff1b35f79c78d8477f64857de29a27902f7298f7b620838ea',
  name: 'frmzSTRK',
  decimals: 18,
  displayDecimals: 2,
  logo: '/zklend/icons/tokens/strk.svg?w=20',
  minAmount: {"raw":"10000000000000000000","decimals":18},
  maxAmount: {"raw":"10000000000000000000000","decimals":18},
  stepAmount: {"raw":"10000000000000000000","decimals":18},
  isERC4626: true
}
token getBalanceAtom {
  token: '0x541681b9ad63dff1b35f79c78d8477f64857de29a27902f7298f7b620838ea',
  name: 'frmzSTRK',
  decimals: 18,
  displayDecimals: 2,
  logo: '/zklend/icons/tokens/strk.svg?w=20',
  minAmount: {"raw":"10000000000000000000","decimals":18},
  maxAmount: {"raw":"10000000000000000000000","decimals":18},
  stepAmount: {"raw":"10000000000000000000","decimals":18},
  isERC4626: true
}
token getBalanceAtom isERC4626 true
calling getBalanceAtom auto_token_usdc {
  token: '0x16912b22d5696e95ffde888ede4bd69fbbc60c5f873082857a47c543172694f',
  name: 'frmzUSDC',
  decimals: 6,
  displayDecimals: 2,
  logo: '/zklend/icons/tokens/usdc.svg?w=20',
  minAmount: {"raw":"10000000","decimals":6},
  maxAmount: {"raw":"10000000000","decimals":6},
  stepAmount: {"raw":"10000000","decimals":6},
  isERC4626: true
}
token getBalanceAtom {
  token: '0x16912b22d5696e95ffde888ede4bd69fbbc60c5f873082857a47c543172694f',
  name: 'frmzUSDC',
  decimals: 6,
  displayDecimals: 2,
  logo: '/zklend/icons/tokens/usdc.svg?w=20',
  minAmount: {"raw":"10000000","decimals":6},
  maxAmount: {"raw":"10000000000","decimals":6},
  stepAmount: {"raw":"10000000","decimals":6},
  isERC4626: true
}
token getBalanceAtom isERC4626 true
calling getBalanceAtom usdc_sensei {
  name: 'frmDNMMUSDCETH',
  address: '0x04937b58e05a3a2477402d1f74e66686f58a61a5070fcc6f694fb9a0b3bae422',
  logo: '/zklend/icons/tokens/usdc.svg?w=20',
  config: { mainTokenName: 'USDC' }
}
token getBalanceAtom {
  name: 'frmDNMMUSDCETH',
  address: '0x04937b58e05a3a2477402d1f74e66686f58a61a5070fcc6f694fb9a0b3bae422',
  logo: '/zklend/icons/tokens/usdc.svg?w=20',
  config: { mainTokenName: 'USDC' }
}
calling getBalanceAtom eth_sensei {
  name: 'frmDNMMETHUSDC',
  address: '0x9d23d9b1fa0db8c9d75a1df924c3820e594fc4ab1475695889286f3f6df250',
  logo: '/zklend/icons/tokens/eth.svg?w=20',
  config: { mainTokenName: 'ETH' }
}
token getBalanceAtom {
  name: 'frmDNMMETHUSDC',
  address: '0x9d23d9b1fa0db8c9d75a1df924c3820e594fc4ab1475695889286f3f6df250',
  logo: '/zklend/icons/tokens/eth.svg?w=20',
  config: { mainTokenName: 'ETH' }
}
calling getBalanceAtom strk_sensei {
  name: 'frmDNMMSTRKETH',
  address: '0x20d5fc4c9df4f943ebb36078e703369c04176ed00accf290e8295b659d2cea6',
  logo: '/zklend/icons/tokens/strk.svg?w=20',
  config: { mainTokenName: 'STRK' }
}
token getBalanceAtom {
  name: 'frmDNMMSTRKETH',
  address: '0x20d5fc4c9df4f943ebb36078e703369c04176ed00accf290e8295b659d2cea6',
  logo: '/zklend/icons/tokens/strk.svg?w=20',
  config: { mainTokenName: 'STRK' }
}
calling getBalanceAtom eth_sensei_xl {
  name: 'frmDNMMETHUSDC2',
  address: '0x9140757f8fb5748379be582be39d6daf704cc3a0408882c0d57981a885eed9',
  logo: '/zklend/icons/tokens/eth.svg?w=20',
  config: { mainTokenName: 'ETH' }
}
token getBalanceAtom {
  name: 'frmDNMMETHUSDC2',
  address: '0x9140757f8fb5748379be582be39d6daf704cc3a0408882c0d57981a885eed9',
  logo: '/zklend/icons/tokens/eth.svg?w=20',
  config: { mainTokenName: 'ETH' }
}
calling getBalanceAtom xstrk_sensei {
  name: 'frmDNMMSTRKxSTRK',
  address: '0x7023a5cadc8a5db80e4f0fde6b330cbd3c17bbbf9cb145cbabd7bd5e6fb7b0b',
  logo: '/zklend/icons/tokens/strk.svg?w=20',
  config: { mainTokenName: 'STRK' }
}
token getBalanceAtom {
  name: 'frmDNMMSTRKxSTRK',
  address: '0x7023a5cadc8a5db80e4f0fde6b330cbd3c17bbbf9cb145cbabd7bd5e6fb7b0b',
  logo: '/zklend/icons/tokens/strk.svg?w=20',
  config: { mainTokenName: 'STRK' }
}
calling getBalanceAtom vesu_rebalance_strk {
  token: '0xeeb729d554ae486387147b13a9c8871bc7991d454e8b5ff570d4bf94de71e1',
  name: 'STRK',
  decimals: 18,
  displayDecimals: 2,
  logo: '/zklend/icons/tokens/strk.svg?w=20',
  minAmount: {"raw":"10000000000000000000","decimals":18},
  maxAmount: {"raw":"10000000000000000000000","decimals":18},
  stepAmount: {"raw":"10000000000000000000","decimals":18},
  isERC4626: true,
  address: '0xeeb729d554ae486387147b13a9c8871bc7991d454e8b5ff570d4bf94de71e1'
}
token getBalanceAtom {
  token: '0xeeb729d554ae486387147b13a9c8871bc7991d454e8b5ff570d4bf94de71e1',
  name: 'STRK',
  decimals: 18,
  displayDecimals: 2,
  logo: '/zklend/icons/tokens/strk.svg?w=20',
  minAmount: {"raw":"10000000000000000000","decimals":18},
  maxAmount: {"raw":"10000000000000000000000","decimals":18},
  stepAmount: {"raw":"10000000000000000000","decimals":18},
  isERC4626: true,
  address: '0xeeb729d554ae486387147b13a9c8871bc7991d454e8b5ff570d4bf94de71e1'
}
token getBalanceAtom isERC4626 true
token getBalance {
  token: '0x541681b9ad63dff1b35f79c78d8477f64857de29a27902f7298f7b620838ea',
  name: 'frmzSTRK',
  decimals: 18,
  displayDecimals: 2,
  logo: '/zklend/icons/tokens/strk.svg?w=20',
  minAmount: {"raw":"10000000000000000000","decimals":18},
  maxAmount: {"raw":"10000000000000000000000","decimals":18},
  stepAmount: {"raw":"10000000000000000000","decimals":18},
  isERC4626: true
}
token getBalance isERC4626 true
balData isERC4626 0x541681b9ad63dff1b35f79c78d8477f64857de29a27902f7298f7b620838ea
token getBalance {
  token: '0x16912b22d5696e95ffde888ede4bd69fbbc60c5f873082857a47c543172694f',
  name: 'frmzUSDC',
  decimals: 6,
  displayDecimals: 2,
  logo: '/zklend/icons/tokens/usdc.svg?w=20',
  minAmount: {"raw":"10000000","decimals":6},
  maxAmount: {"raw":"10000000000","decimals":6},
  stepAmount: {"raw":"10000000","decimals":6},
  isERC4626: true
}
token getBalance isERC4626 true
balData isERC4626 0x16912b22d5696e95ffde888ede4bd69fbbc60c5f873082857a47c543172694f
token getBalance {
  name: 'frmDNMMUSDCETH',
  address: '0x04937b58e05a3a2477402d1f74e66686f58a61a5070fcc6f694fb9a0b3bae422',
  logo: '/zklend/icons/tokens/usdc.svg?w=20',
  config: { mainTokenName: 'USDC' }
}
token getBalance {
  name: 'frmDNMMETHUSDC',
  address: '0x9d23d9b1fa0db8c9d75a1df924c3820e594fc4ab1475695889286f3f6df250',
  logo: '/zklend/icons/tokens/eth.svg?w=20',
  config: { mainTokenName: 'ETH' }
}
token getBalance {
  name: 'frmDNMMSTRKETH',
  address: '0x20d5fc4c9df4f943ebb36078e703369c04176ed00accf290e8295b659d2cea6',
  logo: '/zklend/icons/tokens/strk.svg?w=20',
  config: { mainTokenName: 'STRK' }
}
token getBalance {
  name: 'frmDNMMETHUSDC2',
  address: '0x9140757f8fb5748379be582be39d6daf704cc3a0408882c0d57981a885eed9',
  logo: '/zklend/icons/tokens/eth.svg?w=20',
  config: { mainTokenName: 'ETH' }
}
token getBalance {
  name: 'frmDNMMSTRKxSTRK',
  address: '0x7023a5cadc8a5db80e4f0fde6b330cbd3c17bbbf9cb145cbabd7bd5e6fb7b0b',
  logo: '/zklend/icons/tokens/strk.svg?w=20',
  config: { mainTokenName: 'STRK' }
}
allPools 10
pool.protocol.name zkLend
pool.protocol.name zkLend
pool.protocol.name zkLend
pool.protocol.name zkLend
pool.protocol.name zkLend
pool.protocol.name Nostra
pool.protocol.name zkLend
pool.protocol.name zkLend
pool.protocol.name zkLend
pool.protocol.name zkLend
pool.protocol.name Nostra
pool.protocol.name Nostra
pool.protocol.name Nostra
pool.protocol.name Nostra
pool.protocol.name Nostra
pool.protocol.name Endur
hasRequiredPools false
erc721 position balData 0x04937b58e05a3a2477402d1f74e66686f58a61a5070fcc6f694fb9a0b3bae422 {
  '0': {
    acc1_supply_shares: 144448704559178887n,
    acc1_borrow_shares: 1n,
    acc2_supply_shares: 1n,
    acc2_borrow_shares: 80781795933n
  },
  '1': {
    estimated_size: 161264n,
    deposit1: 161264n,
    borrow1: 1n,
    deposit2: 1n,
    borrow2: 0n
  }
}
getPrice from redis USDC
getPrice url https://app.strkfarm.com/api/price/USDC
erc721 position balData 0x9140757f8fb5748379be582be39d6daf704cc3a0408882c0d57981a885eed9 {
  '0': {
    acc1_supply_shares: 0n,
    acc1_borrow_shares: 0n,
    acc2_supply_shares: 0n,
    acc2_borrow_shares: 0n
  },
  '1': {
    estimated_size: 0n,
    deposit1: 0n,
    borrow1: 0n,
    deposit2: 0n,
    borrow2: 0n
  }
}
getPrice from redis ETH
getPrice url https://app.strkfarm.com/api/price/ETH
erc721 position balData 0x20d5fc4c9df4f943ebb36078e703369c04176ed00accf290e8295b659d2cea6 {
  '0': {
    acc1_supply_shares: 4428239371768780n,
    acc1_borrow_shares: 1n,
    acc2_supply_shares: 1n,
    acc2_borrow_shares: 1n
  },
  '1': {
    estimated_size: 4649493209842993n,
    deposit1: 4649493209830944n,
    borrow1: 0n,
    deposit2: 1n,
    borrow2: 1n
  }
}
getPrice from redis STRK
getPrice url https://app.strkfarm.com/api/price/STRK
erc721 position balData 0x9d23d9b1fa0db8c9d75a1df924c3820e594fc4ab1475695889286f3f6df250 {
  '0': {
    acc1_supply_shares: 0n,
    acc1_borrow_shares: 0n,
    acc2_supply_shares: 0n,
    acc2_borrow_shares: 0n
  },
  '1': {
    estimated_size: 0n,
    deposit1: 0n,
    borrow1: 0n,
    deposit2: 0n,
    borrow2: 0n
  }
}
getPrice from redis ETH
getPrice url https://app.strkfarm.com/api/price/ETH
getUserTVL dnmm 0.999938 0.161264
getUserTVL dnmm 1981.895274 0.0
getUserTVL dnmm 0.16487 0.004649493209842993
Refetching strk_dex_incentives
Fetching strk_dex_incentives
Refetching strk_lending_incentives
Fetching strk_lending_incentives
Refetching zklend_lending_base_aprs
Fetching zklend_lending_base_aprs
Refetching Endur_stats
Fetching Endur_stats
Refetching Endur_reward
Fetching Endur_reward
Refetching nostra_lending_base_aprs
Fetching nostra_lending_base_aprs
getUserTVL dnmm 1981.895274 0.0
[VERBOSE] getPrice from redis: STRK
Refetching vesu_base_aprs
Fetching vesu_base_aprs
Fetching Vesu base APYs
calling getBalanceAtom auto_token_strk {
  token: '0x541681b9ad63dff1b35f79c78d8477f64857de29a27902f7298f7b620838ea',
  name: 'frmzSTRK',
  decimals: 18,
  displayDecimals: 2,
  logo: '/zklend/icons/tokens/strk.svg?w=20',
  minAmount: {"raw":"10000000000000000000","decimals":18},
  maxAmount: {"raw":"10000000000000000000000","decimals":18},
  stepAmount: {"raw":"10000000000000000000","decimals":18},
  isERC4626: true
}
token getBalanceAtom {
  token: '0x541681b9ad63dff1b35f79c78d8477f64857de29a27902f7298f7b620838ea',
  name: 'frmzSTRK',
  decimals: 18,
  displayDecimals: 2,
  logo: '/zklend/icons/tokens/strk.svg?w=20',
  minAmount: {"raw":"10000000000000000000","decimals":18},
  maxAmount: {"raw":"10000000000000000000000","decimals":18},
  stepAmount: {"raw":"10000000000000000000","decimals":18},
  isERC4626: true
}
token getBalanceAtom isERC4626 true
calling getBalanceAtom auto_token_usdc {
  token: '0x16912b22d5696e95ffde888ede4bd69fbbc60c5f873082857a47c543172694f',
  name: 'frmzUSDC',
  decimals: 6,
  displayDecimals: 2,
  logo: '/zklend/icons/tokens/usdc.svg?w=20',
  minAmount: {"raw":"10000000","decimals":6},
  maxAmount: {"raw":"10000000000","decimals":6},
  stepAmount: {"raw":"10000000","decimals":6},
  isERC4626: true
}
token getBalanceAtom {
  token: '0x16912b22d5696e95ffde888ede4bd69fbbc60c5f873082857a47c543172694f',
  name: 'frmzUSDC',
  decimals: 6,
  displayDecimals: 2,
  logo: '/zklend/icons/tokens/usdc.svg?w=20',
  minAmount: {"raw":"10000000","decimals":6},
  maxAmount: {"raw":"10000000000","decimals":6},
  stepAmount: {"raw":"10000000","decimals":6},
  isERC4626: true
}
token getBalanceAtom isERC4626 true
calling getBalanceAtom usdc_sensei {
  name: 'frmDNMMUSDCETH',
  address: '0x04937b58e05a3a2477402d1f74e66686f58a61a5070fcc6f694fb9a0b3bae422',
  logo: '/zklend/icons/tokens/usdc.svg?w=20',
  config: { mainTokenName: 'USDC' }
}
token getBalanceAtom {
  name: 'frmDNMMUSDCETH',
  address: '0x04937b58e05a3a2477402d1f74e66686f58a61a5070fcc6f694fb9a0b3bae422',
  logo: '/zklend/icons/tokens/usdc.svg?w=20',
  config: { mainTokenName: 'USDC' }
}
calling getBalanceAtom eth_sensei {
  name: 'frmDNMMETHUSDC',
  address: '0x9d23d9b1fa0db8c9d75a1df924c3820e594fc4ab1475695889286f3f6df250',
  logo: '/zklend/icons/tokens/eth.svg?w=20',
  config: { mainTokenName: 'ETH' }
}
token getBalanceAtom {
  name: 'frmDNMMETHUSDC',
  address: '0x9d23d9b1fa0db8c9d75a1df924c3820e594fc4ab1475695889286f3f6df250',
  logo: '/zklend/icons/tokens/eth.svg?w=20',
  config: { mainTokenName: 'ETH' }
}
calling getBalanceAtom strk_sensei {
  name: 'frmDNMMSTRKETH',
  address: '0x20d5fc4c9df4f943ebb36078e703369c04176ed00accf290e8295b659d2cea6',
  logo: '/zklend/icons/tokens/strk.svg?w=20',
  config: { mainTokenName: 'STRK' }
}
token getBalanceAtom {
  name: 'frmDNMMSTRKETH',
  address: '0x20d5fc4c9df4f943ebb36078e703369c04176ed00accf290e8295b659d2cea6',
  logo: '/zklend/icons/tokens/strk.svg?w=20',
  config: { mainTokenName: 'STRK' }
}
calling getBalanceAtom eth_sensei_xl {
  name: 'frmDNMMETHUSDC2',
  address: '0x9140757f8fb5748379be582be39d6daf704cc3a0408882c0d57981a885eed9',
  logo: '/zklend/icons/tokens/eth.svg?w=20',
  config: { mainTokenName: 'ETH' }
}
token getBalanceAtom {
  name: 'frmDNMMETHUSDC2',
  address: '0x9140757f8fb5748379be582be39d6daf704cc3a0408882c0d57981a885eed9',
  logo: '/zklend/icons/tokens/eth.svg?w=20',
  config: { mainTokenName: 'ETH' }
}
calling getBalanceAtom xstrk_sensei {
  name: 'frmDNMMSTRKxSTRK',
  address: '0x7023a5cadc8a5db80e4f0fde6b330cbd3c17bbbf9cb145cbabd7bd5e6fb7b0b',
  logo: '/zklend/icons/tokens/strk.svg?w=20',
  config: { mainTokenName: 'STRK' }
}
token getBalanceAtom {
  name: 'frmDNMMSTRKxSTRK',
  address: '0x7023a5cadc8a5db80e4f0fde6b330cbd3c17bbbf9cb145cbabd7bd5e6fb7b0b',
  logo: '/zklend/icons/tokens/strk.svg?w=20',
  config: { mainTokenName: 'STRK' }
}
erc721 position balData 0x7023a5cadc8a5db80e4f0fde6b330cbd3c17bbbf9cb145cbabd7bd5e6fb7b0b {
  '0': {
    acc1_supply_shares: 0n,
    acc1_borrow_shares: 0n,
    acc2_supply_shares: 3110172869380126n,
    acc2_borrow_shares: 0n
  },
  '1': {
    estimated_size: 3170226198184214n,
    deposit1: 0n,
    borrow1: 0n,
    deposit2: 3059304064462404n,
    borrow2: 0n
  }
}
getPrice from redis STRK
getPrice url https://app.strkfarm.com/api/price/STRK
calling getBalanceAtom vesu_rebalance_strk {
  token: '0xeeb729d554ae486387147b13a9c8871bc7991d454e8b5ff570d4bf94de71e1',
  name: 'STRK',
  decimals: 18,
  displayDecimals: 2,
  logo: '/zklend/icons/tokens/strk.svg?w=20',
  minAmount: {"raw":"10000000000000000000","decimals":18},
  maxAmount: {"raw":"10000000000000000000000","decimals":18},
  stepAmount: {"raw":"10000000000000000000","decimals":18},
  isERC4626: true,
  address: '0xeeb729d554ae486387147b13a9c8871bc7991d454e8b5ff570d4bf94de71e1'
}
token getBalanceAtom {
  token: '0xeeb729d554ae486387147b13a9c8871bc7991d454e8b5ff570d4bf94de71e1',
  name: 'STRK',
  decimals: 18,
  displayDecimals: 2,
  logo: '/zklend/icons/tokens/strk.svg?w=20',
  minAmount: {"raw":"10000000000000000000","decimals":18},
  maxAmount: {"raw":"10000000000000000000000","decimals":18},
  stepAmount: {"raw":"10000000000000000000","decimals":18},
  isERC4626: true,
  address: '0xeeb729d554ae486387147b13a9c8871bc7991d454e8b5ff570d4bf94de71e1'
}
token getBalanceAtom isERC4626 true
getUserTVL dnmm 0.16487 0.003170226198184214
Setting Endur_stats
Setting zklend_lending_base_aprs
allPools 10
pool.protocol.name zkLend
pool.protocol.name zkLend
pool.protocol.name zkLend
pool.protocol.name zkLend
pool.protocol.name zkLend
pool.protocol.name Nostra
pool.protocol.name zkLend
pool.protocol.name zkLend
pool.protocol.name zkLend
pool.protocol.name zkLend
pool.protocol.name Nostra
pool.protocol.name Nostra
pool.protocol.name Nostra
pool.protocol.name Nostra
pool.protocol.name Nostra
pool.protocol.name Endur
hasRequiredPools false
allPools 10
pool.protocol.name zkLend
pool.protocol.name zkLend
pool.protocol.name zkLend
pool.protocol.name zkLend
pool.protocol.name zkLend
pool.protocol.name Nostra
pool.protocol.name zkLend
pool.protocol.name zkLend
pool.protocol.name zkLend
pool.protocol.name zkLend
pool.protocol.name Nostra
pool.protocol.name Nostra
pool.protocol.name Nostra
pool.protocol.name Nostra
pool.protocol.name Nostra
pool.protocol.name Endur
hasRequiredPools false
allPools 10
pool.protocol.name zkLend
pool.protocol.name zkLend
pool.protocol.name zkLend
pool.protocol.name zkLend
pool.protocol.name zkLend
pool.protocol.name Nostra
pool.protocol.name zkLend
pool.protocol.name zkLend
pool.protocol.name zkLend
pool.protocol.name zkLend
pool.protocol.name Nostra
pool.protocol.name Nostra
pool.protocol.name Nostra
pool.protocol.name Nostra
pool.protocol.name Nostra
pool.protocol.name Endur
hasRequiredPools false
allPools 10
pool.protocol.name zkLend
pool.protocol.name zkLend
pool.protocol.name zkLend
pool.protocol.name zkLend
pool.protocol.name zkLend
pool.protocol.name Nostra
pool.protocol.name zkLend
pool.protocol.name zkLend
pool.protocol.name zkLend
pool.protocol.name zkLend
pool.protocol.name Nostra
pool.protocol.name Nostra
pool.protocol.name Nostra
pool.protocol.name Nostra
pool.protocol.name Nostra
pool.protocol.name Endur
hasRequiredPools false
allPools 10
pool.protocol.name zkLend
pool.protocol.name zkLend
pool.protocol.name zkLend
pool.protocol.name zkLend
pool.protocol.name zkLend
pool.protocol.name Nostra
pool.protocol.name zkLend
pool.protocol.name zkLend
pool.protocol.name zkLend
pool.protocol.name zkLend
pool.protocol.name Nostra
pool.protocol.name Nostra
pool.protocol.name Nostra
pool.protocol.name Nostra
pool.protocol.name Nostra
pool.protocol.name Endur
hasRequiredPools false
allPools 10
pool.protocol.name zkLend
pool.protocol.name zkLend
pool.protocol.name zkLend
pool.protocol.name zkLend
pool.protocol.name zkLend
pool.protocol.name Nostra
pool.protocol.name zkLend
pool.protocol.name zkLend
pool.protocol.name zkLend
pool.protocol.name zkLend
pool.protocol.name Nostra
pool.protocol.name Nostra
pool.protocol.name Nostra
pool.protocol.name Nostra
pool.protocol.name Nostra
pool.protocol.name Endur
hasRequiredPools false
allPools 10
pool.protocol.name zkLend
pool.protocol.name zkLend
pool.protocol.name zkLend
pool.protocol.name zkLend
pool.protocol.name zkLend
pool.protocol.name Nostra
pool.protocol.name zkLend
pool.protocol.name zkLend
pool.protocol.name zkLend
pool.protocol.name zkLend
pool.protocol.name Nostra
pool.protocol.name Nostra
pool.protocol.name Nostra
pool.protocol.name Nostra
pool.protocol.name Nostra
pool.protocol.name Endur
hasRequiredPools false
allPools 10
pool.protocol.name zkLend
pool.protocol.name zkLend
pool.protocol.name zkLend
pool.protocol.name zkLend
pool.protocol.name zkLend
pool.protocol.name Nostra
pool.protocol.name zkLend
pool.protocol.name zkLend
pool.protocol.name zkLend
pool.protocol.name zkLend
pool.protocol.name Nostra
pool.protocol.name Nostra
pool.protocol.name Nostra
pool.protocol.name Nostra
pool.protocol.name Nostra
pool.protocol.name Endur
hasRequiredPools false
allPools 10
pool.protocol.name zkLend
pool.protocol.name zkLend
pool.protocol.name zkLend
pool.protocol.name zkLend
pool.protocol.name zkLend
pool.protocol.name Nostra
pool.protocol.name zkLend
pool.protocol.name zkLend
pool.protocol.name zkLend
pool.protocol.name zkLend
pool.protocol.name Nostra
pool.protocol.name Nostra
pool.protocol.name Nostra
pool.protocol.name Nostra
pool.protocol.name Nostra
pool.protocol.name Endur
hasRequiredPools false
allPools 10
pool.protocol.name zkLend
pool.protocol.name zkLend
pool.protocol.name zkLend
pool.protocol.name zkLend
pool.protocol.name zkLend
pool.protocol.name Nostra
pool.protocol.name zkLend
pool.protocol.name zkLend
pool.protocol.name zkLend
pool.protocol.name zkLend
pool.protocol.name Nostra
pool.protocol.name Nostra
pool.protocol.name Nostra
pool.protocol.name Nostra
pool.protocol.name Nostra
pool.protocol.name Endur
hasRequiredPools false
allPools 10
pool.protocol.name zkLend
pool.protocol.name zkLend
pool.protocol.name zkLend
pool.protocol.name zkLend
pool.protocol.name zkLend
pool.protocol.name Nostra
pool.protocol.name zkLend
pool.protocol.name zkLend
pool.protocol.name zkLend
pool.protocol.name zkLend
pool.protocol.name Nostra
pool.protocol.name Nostra
pool.protocol.name Nostra
pool.protocol.name Nostra
pool.protocol.name Nostra
pool.protocol.name Endur
hasRequiredPools false
allPools 10
pool.protocol.name zkLend
pool.protocol.name zkLend
pool.protocol.name zkLend
pool.protocol.name zkLend
pool.protocol.name zkLend
pool.protocol.name Nostra
pool.protocol.name zkLend
pool.protocol.name zkLend
pool.protocol.name zkLend
pool.protocol.name zkLend
pool.protocol.name Nostra
pool.protocol.name Nostra
pool.protocol.name Nostra
pool.protocol.name Nostra
pool.protocol.name Nostra
pool.protocol.name Endur
hasRequiredPools false
allPools 10
pool.protocol.name zkLend
pool.protocol.name zkLend
pool.protocol.name zkLend
pool.protocol.name zkLend
pool.protocol.name zkLend
pool.protocol.name Nostra
pool.protocol.name zkLend
pool.protocol.name zkLend
pool.protocol.name zkLend
pool.protocol.name zkLend
pool.protocol.name Nostra
pool.protocol.name Nostra
pool.protocol.name Nostra
pool.protocol.name Nostra
pool.protocol.name Nostra
pool.protocol.name Endur
hasRequiredPools false
allPools 10
pool.protocol.name zkLend
pool.protocol.name zkLend
pool.protocol.name zkLend
pool.protocol.name zkLend
pool.protocol.name zkLend
pool.protocol.name Nostra
pool.protocol.name zkLend
pool.protocol.name zkLend
pool.protocol.name zkLend
pool.protocol.name zkLend
pool.protocol.name Nostra
pool.protocol.name Nostra
pool.protocol.name Nostra
pool.protocol.name Nostra
pool.protocol.name Nostra
pool.protocol.name Endur
hasRequiredPools false
allPools 10
pool.protocol.name zkLend
pool.protocol.name zkLend
pool.protocol.name zkLend
pool.protocol.name zkLend
pool.protocol.name zkLend
pool.protocol.name Nostra
pool.protocol.name zkLend
pool.protocol.name zkLend
pool.protocol.name zkLend
pool.protocol.name zkLend
pool.protocol.name Nostra
pool.protocol.name Nostra
pool.protocol.name Nostra
pool.protocol.name Nostra
pool.protocol.name Nostra
pool.protocol.name Endur
hasRequiredPools false
allPools 10
pool.protocol.name zkLend
pool.protocol.name zkLend
pool.protocol.name zkLend
pool.protocol.name zkLend
pool.protocol.name zkLend
pool.protocol.name Nostra
pool.protocol.name zkLend
pool.protocol.name zkLend
pool.protocol.name zkLend
pool.protocol.name zkLend
pool.protocol.name Nostra
pool.protocol.name Nostra
pool.protocol.name Nostra
pool.protocol.name Nostra
pool.protocol.name Nostra
pool.protocol.name Endur
hasRequiredPools false
allPools 10
pool.protocol.name zkLend
pool.protocol.name zkLend
pool.protocol.name zkLend
pool.protocol.name zkLend
pool.protocol.name zkLend
pool.protocol.name Nostra
pool.protocol.name zkLend
pool.protocol.name zkLend
pool.protocol.name zkLend
pool.protocol.name zkLend
pool.protocol.name Nostra
pool.protocol.name Nostra
pool.protocol.name Nostra
pool.protocol.name Nostra
pool.protocol.name Nostra
pool.protocol.name Endur
hasRequiredPools false
allPools 10
pool.protocol.name zkLend
pool.protocol.name zkLend
pool.protocol.name zkLend
pool.protocol.name zkLend
pool.protocol.name zkLend
pool.protocol.name Nostra
pool.protocol.name zkLend
pool.protocol.name zkLend
pool.protocol.name zkLend
pool.protocol.name zkLend
pool.protocol.name Nostra
pool.protocol.name Nostra
pool.protocol.name Nostra
pool.protocol.name Nostra
pool.protocol.name Nostra
pool.protocol.name Endur
hasRequiredPools false
allPools 10
pool.protocol.name zkLend
pool.protocol.name zkLend
pool.protocol.name zkLend
pool.protocol.name zkLend
pool.protocol.name zkLend
pool.protocol.name Nostra
pool.protocol.name zkLend
pool.protocol.name zkLend
pool.protocol.name zkLend
pool.protocol.name zkLend
pool.protocol.name Nostra
pool.protocol.name Nostra
pool.protocol.name Nostra
pool.protocol.name Nostra
pool.protocol.name Nostra
pool.protocol.name Endur
hasRequiredPools false
allPools 10
pool.protocol.name zkLend
pool.protocol.name zkLend
pool.protocol.name zkLend
pool.protocol.name zkLend
pool.protocol.name zkLend
pool.protocol.name Nostra
pool.protocol.name zkLend
pool.protocol.name zkLend
pool.protocol.name zkLend
pool.protocol.name zkLend
pool.protocol.name Nostra
pool.protocol.name Nostra
pool.protocol.name Nostra
pool.protocol.name Nostra
pool.protocol.name Nostra
pool.protocol.name Endur
hasRequiredPools false
allPools 10
pool.protocol.name zkLend
pool.protocol.name zkLend
pool.protocol.name zkLend
pool.protocol.name zkLend
pool.protocol.name zkLend
pool.protocol.name Nostra
pool.protocol.name zkLend
pool.protocol.name zkLend
pool.protocol.name zkLend
pool.protocol.name zkLend
pool.protocol.name Nostra
pool.protocol.name Nostra
pool.protocol.name Nostra
pool.protocol.name Nostra
pool.protocol.name Nostra
pool.protocol.name Endur
hasRequiredPools false
allPools 10
pool.protocol.name zkLend
pool.protocol.name zkLend
pool.protocol.name zkLend
pool.protocol.name zkLend
pool.protocol.name zkLend
pool.protocol.name Nostra
pool.protocol.name zkLend
pool.protocol.name zkLend
pool.protocol.name zkLend
pool.protocol.name zkLend
pool.protocol.name Nostra
pool.protocol.name Nostra
pool.protocol.name Nostra
pool.protocol.name Nostra
pool.protocol.name Nostra
pool.protocol.name Endur
hasRequiredPools false
allPools 10
pool.protocol.name zkLend
pool.protocol.name zkLend
pool.protocol.name zkLend
pool.protocol.name zkLend
pool.protocol.name zkLend
pool.protocol.name Nostra
pool.protocol.name zkLend
pool.protocol.name zkLend
pool.protocol.name zkLend
pool.protocol.name zkLend
pool.protocol.name Nostra
pool.protocol.name Nostra
pool.protocol.name Nostra
pool.protocol.name Nostra
pool.protocol.name Nostra
pool.protocol.name Endur
hasRequiredPools false
allPools 10
pool.protocol.name zkLend
pool.protocol.name zkLend
pool.protocol.name zkLend
pool.protocol.name zkLend
pool.protocol.name zkLend
pool.protocol.name Nostra
pool.protocol.name zkLend
pool.protocol.name zkLend
pool.protocol.name zkLend
pool.protocol.name zkLend
pool.protocol.name Nostra
pool.protocol.name Nostra
pool.protocol.name Nostra
pool.protocol.name Nostra
pool.protocol.name Nostra
pool.protocol.name Endur
hasRequiredPools false
allPools 10
pool.protocol.name zkLend
pool.protocol.name zkLend
pool.protocol.name zkLend
pool.protocol.name zkLend
pool.protocol.name zkLend
pool.protocol.name Nostra
pool.protocol.name zkLend
pool.protocol.name zkLend
pool.protocol.name zkLend
pool.protocol.name zkLend
pool.protocol.name Nostra
pool.protocol.name Nostra
pool.protocol.name Nostra
pool.protocol.name Nostra
pool.protocol.name Nostra
pool.protocol.name Endur
hasRequiredPools false
allPools 10
pool.protocol.name zkLend
pool.protocol.name zkLend
pool.protocol.name zkLend
pool.protocol.name zkLend
pool.protocol.name zkLend
pool.protocol.name Nostra
pool.protocol.name zkLend
pool.protocol.name zkLend
pool.protocol.name zkLend
pool.protocol.name zkLend
pool.protocol.name Nostra
pool.protocol.name Nostra
pool.protocol.name Nostra
pool.protocol.name Nostra
pool.protocol.name Nostra
pool.protocol.name Endur
hasRequiredPools false
allPools 10
pool.protocol.name zkLend
pool.protocol.name zkLend
pool.protocol.name zkLend
pool.protocol.name zkLend
pool.protocol.name zkLend
pool.protocol.name Nostra
pool.protocol.name zkLend
pool.protocol.name zkLend
pool.protocol.name zkLend
pool.protocol.name zkLend
pool.protocol.name Nostra
pool.protocol.name Nostra
pool.protocol.name Nostra
pool.protocol.name Nostra
pool.protocol.name Nostra
pool.protocol.name Endur
hasRequiredPools false
allPools 10
pool.protocol.name zkLend
pool.protocol.name zkLend
pool.protocol.name zkLend
pool.protocol.name zkLend
pool.protocol.name zkLend
pool.protocol.name Nostra
pool.protocol.name zkLend
pool.protocol.name zkLend
pool.protocol.name zkLend
pool.protocol.name zkLend
pool.protocol.name Nostra
pool.protocol.name Nostra
pool.protocol.name Nostra
pool.protocol.name Nostra
pool.protocol.name Nostra
pool.protocol.name Endur
hasRequiredPools false
allPools 10
pool.protocol.name zkLend
pool.protocol.name zkLend
pool.protocol.name zkLend
pool.protocol.name zkLend
pool.protocol.name zkLend
pool.protocol.name Nostra
pool.protocol.name zkLend
pool.protocol.name zkLend
pool.protocol.name zkLend
pool.protocol.name zkLend
pool.protocol.name Nostra
pool.protocol.name Nostra
pool.protocol.name Nostra
pool.protocol.name Nostra
pool.protocol.name Nostra
pool.protocol.name Endur
hasRequiredPools false
allPools 10
pool.protocol.name zkLend
pool.protocol.name zkLend
pool.protocol.name zkLend
pool.protocol.name zkLend
pool.protocol.name zkLend
pool.protocol.name Nostra
pool.protocol.name zkLend
pool.protocol.name zkLend
pool.protocol.name zkLend
pool.protocol.name zkLend
pool.protocol.name Nostra
pool.protocol.name Nostra
pool.protocol.name Nostra
pool.protocol.name Nostra
pool.protocol.name Nostra
pool.protocol.name Endur
hasRequiredPools false
allPools 10
pool.protocol.name zkLend
pool.protocol.name zkLend
pool.protocol.name zkLend
pool.protocol.name zkLend
pool.protocol.name zkLend
pool.protocol.name Nostra
pool.protocol.name zkLend
pool.protocol.name zkLend
pool.protocol.name zkLend
pool.protocol.name zkLend
pool.protocol.name Nostra
pool.protocol.name Nostra
pool.protocol.name Nostra
pool.protocol.name Nostra
pool.protocol.name Nostra
pool.protocol.name Endur
hasRequiredPools false
allPools 10
pool.protocol.name zkLend
pool.protocol.name zkLend
pool.protocol.name zkLend
pool.protocol.name zkLend
pool.protocol.name zkLend
pool.protocol.name Nostra
pool.protocol.name zkLend
pool.protocol.name zkLend
pool.protocol.name zkLend
pool.protocol.name zkLend
pool.protocol.name Nostra
pool.protocol.name Nostra
pool.protocol.name Nostra
pool.protocol.name Nostra
pool.protocol.name Nostra
pool.protocol.name Endur
hasRequiredPools false
allPools 10
pool.protocol.name zkLend
pool.protocol.name zkLend
pool.protocol.name zkLend
pool.protocol.name zkLend
pool.protocol.name zkLend
pool.protocol.name Nostra
pool.protocol.name zkLend
pool.protocol.name zkLend
pool.protocol.name zkLend
pool.protocol.name zkLend
pool.protocol.name Nostra
pool.protocol.name Nostra
pool.protocol.name Nostra
pool.protocol.name Nostra
pool.protocol.name Nostra
pool.protocol.name Endur
hasRequiredPools false
allPools 10
pool.protocol.name zkLend
pool.protocol.name zkLend
pool.protocol.name zkLend
pool.protocol.name zkLend
pool.protocol.name zkLend
pool.protocol.name Nostra
pool.protocol.name zkLend
pool.protocol.name zkLend
pool.protocol.name zkLend
pool.protocol.name zkLend
pool.protocol.name Nostra
pool.protocol.name Nostra
pool.protocol.name Nostra
pool.protocol.name Nostra
pool.protocol.name Nostra
pool.protocol.name Endur
hasRequiredPools false
allPools 10
pool.protocol.name zkLend
pool.protocol.name zkLend
pool.protocol.name zkLend
pool.protocol.name zkLend
pool.protocol.name zkLend
pool.protocol.name Nostra
pool.protocol.name zkLend
pool.protocol.name zkLend
pool.protocol.name zkLend
pool.protocol.name zkLend
pool.protocol.name Nostra
pool.protocol.name Nostra
pool.protocol.name Nostra
pool.protocol.name Nostra
pool.protocol.name Nostra
pool.protocol.name Endur
hasRequiredPools false
allPools 10
pool.protocol.name zkLend
pool.protocol.name zkLend
pool.protocol.name zkLend
pool.protocol.name zkLend
pool.protocol.name zkLend
pool.protocol.name Nostra
pool.protocol.name zkLend
pool.protocol.name zkLend
pool.protocol.name zkLend
pool.protocol.name zkLend
pool.protocol.name Nostra
pool.protocol.name Nostra
pool.protocol.name Nostra
pool.protocol.name Nostra
pool.protocol.name Nostra
pool.protocol.name Endur
hasRequiredPools false
allPools 10
pool.protocol.name zkLend
pool.protocol.name zkLend
pool.protocol.name zkLend
pool.protocol.name zkLend
pool.protocol.name zkLend
pool.protocol.name Nostra
pool.protocol.name zkLend
pool.protocol.name zkLend
pool.protocol.name zkLend
pool.protocol.name zkLend
pool.protocol.name Nostra
pool.protocol.name Nostra
pool.protocol.name Nostra
pool.protocol.name Nostra
pool.protocol.name Nostra
pool.protocol.name Endur
hasRequiredPools false
allPools 10
pool.protocol.name zkLend
pool.protocol.name zkLend
pool.protocol.name zkLend
pool.protocol.name zkLend
pool.protocol.name zkLend
pool.protocol.name Nostra
pool.protocol.name zkLend
pool.protocol.name zkLend
pool.protocol.name zkLend
pool.protocol.name zkLend
pool.protocol.name Nostra
pool.protocol.name Nostra
pool.protocol.name Nostra
pool.protocol.name Nostra
pool.protocol.name Nostra
pool.protocol.name Endur
hasRequiredPools false
allPools 10
pool.protocol.name zkLend
pool.protocol.name zkLend
pool.protocol.name zkLend
pool.protocol.name zkLend
pool.protocol.name zkLend
pool.protocol.name Nostra
pool.protocol.name zkLend
pool.protocol.name zkLend
pool.protocol.name zkLend
pool.protocol.name zkLend
pool.protocol.name Nostra
pool.protocol.name Nostra
pool.protocol.name Nostra
pool.protocol.name Nostra
pool.protocol.name Nostra
pool.protocol.name Endur
hasRequiredPools false
allPools 10
pool.protocol.name zkLend
pool.protocol.name zkLend
pool.protocol.name zkLend
pool.protocol.name zkLend
pool.protocol.name zkLend
pool.protocol.name Nostra
pool.protocol.name zkLend
pool.protocol.name zkLend
pool.protocol.name zkLend
pool.protocol.name zkLend
pool.protocol.name Nostra
pool.protocol.name Nostra
pool.protocol.name Nostra
pool.protocol.name Nostra
pool.protocol.name Nostra
pool.protocol.name Endur
hasRequiredPools false
allPools 10
pool.protocol.name zkLend
pool.protocol.name zkLend
pool.protocol.name zkLend
pool.protocol.name zkLend
pool.protocol.name zkLend
pool.protocol.name Nostra
pool.protocol.name zkLend
pool.protocol.name zkLend
pool.protocol.name zkLend
pool.protocol.name zkLend
pool.protocol.name Nostra
pool.protocol.name Nostra
pool.protocol.name Nostra
pool.protocol.name Nostra
pool.protocol.name Nostra
pool.protocol.name Endur
hasRequiredPools false
allPools 10
pool.protocol.name zkLend
pool.protocol.name zkLend
pool.protocol.name zkLend
pool.protocol.name zkLend
pool.protocol.name zkLend
pool.protocol.name Nostra
pool.protocol.name zkLend
pool.protocol.name zkLend
pool.protocol.name zkLend
pool.protocol.name zkLend
pool.protocol.name Nostra
pool.protocol.name Nostra
pool.protocol.name Nostra
pool.protocol.name Nostra
pool.protocol.name Nostra
pool.protocol.name Endur
hasRequiredPools false
allPools 10
pool.protocol.name zkLend
pool.protocol.name zkLend
pool.protocol.name zkLend
pool.protocol.name zkLend
pool.protocol.name zkLend
pool.protocol.name Nostra
pool.protocol.name zkLend
pool.protocol.name zkLend
pool.protocol.name zkLend
pool.protocol.name zkLend
pool.protocol.name Nostra
pool.protocol.name Nostra
pool.protocol.name Nostra
pool.protocol.name Nostra
pool.protocol.name Nostra
pool.protocol.name Endur
hasRequiredPools false
allPools 10
pool.protocol.name zkLend
pool.protocol.name zkLend
pool.protocol.name zkLend
pool.protocol.name zkLend
pool.protocol.name zkLend
pool.protocol.name Nostra
pool.protocol.name zkLend
pool.protocol.name zkLend
pool.protocol.name zkLend
pool.protocol.name zkLend
pool.protocol.name Nostra
pool.protocol.name Nostra
pool.protocol.name Nostra
pool.protocol.name Nostra
pool.protocol.name Nostra
pool.protocol.name Endur
hasRequiredPools false
allPools 10
pool.protocol.name zkLend
pool.protocol.name zkLend
pool.protocol.name zkLend
pool.protocol.name zkLend
pool.protocol.name zkLend
pool.protocol.name Nostra
pool.protocol.name zkLend
pool.protocol.name zkLend
pool.protocol.name zkLend
pool.protocol.name zkLend
pool.protocol.name Nostra
pool.protocol.name Nostra
pool.protocol.name Nostra
pool.protocol.name Nostra
pool.protocol.name Nostra
pool.protocol.name Endur
hasRequiredPools false
allPools 10
pool.protocol.name zkLend
pool.protocol.name zkLend
pool.protocol.name zkLend
pool.protocol.name zkLend
pool.protocol.name zkLend
pool.protocol.name Nostra
pool.protocol.name zkLend
pool.protocol.name zkLend
pool.protocol.name zkLend
pool.protocol.name zkLend
pool.protocol.name Nostra
pool.protocol.name Nostra
pool.protocol.name Nostra
pool.protocol.name Nostra
pool.protocol.name Nostra
pool.protocol.name Endur
hasRequiredPools false
allPools 10
pool.protocol.name zkLend
pool.protocol.name zkLend
pool.protocol.name zkLend
pool.protocol.name zkLend
pool.protocol.name zkLend
pool.protocol.name Nostra
pool.protocol.name zkLend
pool.protocol.name zkLend
pool.protocol.name zkLend
pool.protocol.name zkLend
pool.protocol.name Nostra
pool.protocol.name Nostra
pool.protocol.name Nostra
pool.protocol.name Nostra
pool.protocol.name Nostra
pool.protocol.name Endur
hasRequiredPools false
allPools 10
pool.protocol.name zkLend
pool.protocol.name zkLend
pool.protocol.name zkLend
pool.protocol.name zkLend
pool.protocol.name zkLend
pool.protocol.name Nostra
pool.protocol.name zkLend
pool.protocol.name zkLend
pool.protocol.name zkLend
pool.protocol.name zkLend
pool.protocol.name Nostra
pool.protocol.name Nostra
pool.protocol.name Nostra
pool.protocol.name Nostra
pool.protocol.name Nostra
pool.protocol.name Endur
hasRequiredPools false
allPools 10
pool.protocol.name zkLend
pool.protocol.name zkLend
pool.protocol.name zkLend
pool.protocol.name zkLend
pool.protocol.name zkLend
pool.protocol.name Nostra
pool.protocol.name zkLend
pool.protocol.name zkLend
pool.protocol.name zkLend
pool.protocol.name zkLend
pool.protocol.name Nostra
pool.protocol.name Nostra
pool.protocol.name Nostra
pool.protocol.name Nostra
pool.protocol.name Nostra
pool.protocol.name Endur
hasRequiredPools false
allPools 10
pool.protocol.name zkLend
pool.protocol.name zkLend
pool.protocol.name zkLend
pool.protocol.name zkLend
pool.protocol.name zkLend
pool.protocol.name Nostra
pool.protocol.name zkLend
pool.protocol.name zkLend
pool.protocol.name zkLend
pool.protocol.name zkLend
pool.protocol.name Nostra
pool.protocol.name Nostra
pool.protocol.name Nostra
pool.protocol.name Nostra
pool.protocol.name Nostra
pool.protocol.name Endur
hasRequiredPools false
allPools 10
pool.protocol.name zkLend
pool.protocol.name zkLend
pool.protocol.name zkLend
pool.protocol.name zkLend
pool.protocol.name zkLend
pool.protocol.name Nostra
pool.protocol.name zkLend
pool.protocol.name zkLend
pool.protocol.name zkLend
pool.protocol.name zkLend
pool.protocol.name Nostra
pool.protocol.name Nostra
pool.protocol.name Nostra
pool.protocol.name Nostra
pool.protocol.name Nostra
pool.protocol.name Endur
hasRequiredPools false
allPools 10
pool.protocol.name zkLend
pool.protocol.name zkLend
pool.protocol.name zkLend
pool.protocol.name zkLend
pool.protocol.name zkLend
pool.protocol.name Nostra
pool.protocol.name zkLend
pool.protocol.name zkLend
pool.protocol.name zkLend
pool.protocol.name zkLend
pool.protocol.name Nostra
pool.protocol.name Nostra
pool.protocol.name Nostra
pool.protocol.name Nostra
pool.protocol.name Nostra
pool.protocol.name Endur
hasRequiredPools false
allPools 10
pool.protocol.name zkLend
pool.protocol.name zkLend
pool.protocol.name zkLend
pool.protocol.name zkLend
pool.protocol.name zkLend
pool.protocol.name Nostra
pool.protocol.name zkLend
pool.protocol.name zkLend
pool.protocol.name zkLend
pool.protocol.name zkLend
pool.protocol.name Nostra
pool.protocol.name Nostra
pool.protocol.name Nostra
pool.protocol.name Nostra
pool.protocol.name Nostra
pool.protocol.name Endur
hasRequiredPools false
allPools 10
pool.protocol.name zkLend
pool.protocol.name zkLend
pool.protocol.name zkLend
pool.protocol.name zkLend
pool.protocol.name zkLend
pool.protocol.name Nostra
pool.protocol.name zkLend
pool.protocol.name zkLend
pool.protocol.name zkLend
pool.protocol.name zkLend
pool.protocol.name Nostra
pool.protocol.name Nostra
pool.protocol.name Nostra
pool.protocol.name Nostra
pool.protocol.name Nostra
pool.protocol.name Endur
hasRequiredPools false
allPools 10
pool.protocol.name zkLend
pool.protocol.name zkLend
pool.protocol.name zkLend
pool.protocol.name zkLend
pool.protocol.name zkLend
pool.protocol.name Nostra
pool.protocol.name zkLend
pool.protocol.name zkLend
pool.protocol.name zkLend
pool.protocol.name zkLend
pool.protocol.name Nostra
pool.protocol.name Nostra
pool.protocol.name Nostra
pool.protocol.name Nostra
pool.protocol.name Nostra
pool.protocol.name Endur
hasRequiredPools false
allPools 10
pool.protocol.name zkLend
pool.protocol.name zkLend
pool.protocol.name zkLend
pool.protocol.name zkLend
pool.protocol.name zkLend
pool.protocol.name Nostra
pool.protocol.name zkLend
pool.protocol.name zkLend
pool.protocol.name zkLend
pool.protocol.name zkLend
pool.protocol.name Nostra
pool.protocol.name Nostra
pool.protocol.name Nostra
pool.protocol.name Nostra
pool.protocol.name Nostra
pool.protocol.name Endur
hasRequiredPools false
allPools 10
pool.protocol.name zkLend
pool.protocol.name zkLend
pool.protocol.name zkLend
pool.protocol.name zkLend
pool.protocol.name zkLend
pool.protocol.name Nostra
pool.protocol.name zkLend
pool.protocol.name zkLend
pool.protocol.name zkLend
pool.protocol.name zkLend
pool.protocol.name Nostra
pool.protocol.name Nostra
pool.protocol.name Nostra
pool.protocol.name Nostra
pool.protocol.name Nostra
pool.protocol.name Endur
hasRequiredPools false
allPools 10
pool.protocol.name zkLend
pool.protocol.name zkLend
pool.protocol.name zkLend
pool.protocol.name zkLend
pool.protocol.name zkLend
pool.protocol.name Nostra
pool.protocol.name zkLend
pool.protocol.name zkLend
pool.protocol.name zkLend
pool.protocol.name zkLend
pool.protocol.name Nostra
pool.protocol.name Nostra
pool.protocol.name Nostra
pool.protocol.name Nostra
pool.protocol.name Nostra
pool.protocol.name Endur
hasRequiredPools false
allPools 10
pool.protocol.name zkLend
pool.protocol.name zkLend
pool.protocol.name zkLend
pool.protocol.name zkLend
pool.protocol.name zkLend
pool.protocol.name Nostra
pool.protocol.name zkLend
pool.protocol.name zkLend
pool.protocol.name zkLend
pool.protocol.name zkLend
pool.protocol.name Nostra
pool.protocol.name Nostra
pool.protocol.name Nostra
pool.protocol.name Nostra
pool.protocol.name Nostra
pool.protocol.name Endur
hasRequiredPools false
allPools 10
pool.protocol.name zkLend
pool.protocol.name zkLend
pool.protocol.name zkLend
pool.protocol.name zkLend
pool.protocol.name zkLend
pool.protocol.name Nostra
pool.protocol.name zkLend
pool.protocol.name zkLend
pool.protocol.name zkLend
pool.protocol.name zkLend
pool.protocol.name Nostra
pool.protocol.name Nostra
pool.protocol.name Nostra
pool.protocol.name Nostra
pool.protocol.name Nostra
pool.protocol.name Endur
hasRequiredPools false
allPools 10
pool.protocol.name zkLend
pool.protocol.name zkLend
pool.protocol.name zkLend
pool.protocol.name zkLend
pool.protocol.name zkLend
pool.protocol.name Nostra
pool.protocol.name zkLend
pool.protocol.name zkLend
pool.protocol.name zkLend
pool.protocol.name zkLend
pool.protocol.name Nostra
pool.protocol.name Nostra
pool.protocol.name Nostra
pool.protocol.name Nostra
pool.protocol.name Nostra
pool.protocol.name Endur
hasRequiredPools false
allPools 10
pool.protocol.name zkLend
pool.protocol.name zkLend
pool.protocol.name zkLend
pool.protocol.name zkLend
pool.protocol.name zkLend
pool.protocol.name Nostra
pool.protocol.name zkLend
pool.protocol.name zkLend
pool.protocol.name zkLend
pool.protocol.name zkLend
pool.protocol.name Nostra
pool.protocol.name Nostra
pool.protocol.name Nostra
pool.protocol.name Nostra
pool.protocol.name Nostra
pool.protocol.name Endur
hasRequiredPools false
allPools 10
pool.protocol.name zkLend
pool.protocol.name zkLend
pool.protocol.name zkLend
pool.protocol.name zkLend
pool.protocol.name zkLend
pool.protocol.name Nostra
pool.protocol.name zkLend
pool.protocol.name zkLend
pool.protocol.name zkLend
pool.protocol.name zkLend
pool.protocol.name Nostra
pool.protocol.name Nostra
pool.protocol.name Nostra
pool.protocol.name Nostra
pool.protocol.name Nostra
pool.protocol.name Endur
hasRequiredPools false
allPools 10
pool.protocol.name zkLend
pool.protocol.name zkLend
pool.protocol.name zkLend
pool.protocol.name zkLend
pool.protocol.name zkLend
pool.protocol.name Nostra
pool.protocol.name zkLend
pool.protocol.name zkLend
pool.protocol.name zkLend
pool.protocol.name zkLend
pool.protocol.name Nostra
pool.protocol.name Nostra
pool.protocol.name Nostra
pool.protocol.name Nostra
pool.protocol.name Nostra
pool.protocol.name Endur
hasRequiredPools false
allPools 10
pool.protocol.name zkLend
pool.protocol.name zkLend
pool.protocol.name zkLend
pool.protocol.name zkLend
pool.protocol.name zkLend
pool.protocol.name Nostra
pool.protocol.name zkLend
pool.protocol.name zkLend
pool.protocol.name zkLend
pool.protocol.name zkLend
pool.protocol.name Nostra
pool.protocol.name Nostra
pool.protocol.name Nostra
pool.protocol.name Nostra
pool.protocol.name Nostra
pool.protocol.name Endur
hasRequiredPools false
allPools 10
pool.protocol.name zkLend
pool.protocol.name zkLend
pool.protocol.name zkLend
pool.protocol.name zkLend
pool.protocol.name zkLend
pool.protocol.name Nostra
pool.protocol.name zkLend
pool.protocol.name zkLend
pool.protocol.name zkLend
pool.protocol.name zkLend
pool.protocol.name Nostra
pool.protocol.name Nostra
pool.protocol.name Nostra
pool.protocol.name Nostra
pool.protocol.name Nostra
pool.protocol.name Endur
hasRequiredPools false
allPools 10
pool.protocol.name zkLend
pool.protocol.name zkLend
pool.protocol.name zkLend
pool.protocol.name zkLend
pool.protocol.name zkLend
pool.protocol.name Nostra
pool.protocol.name zkLend
pool.protocol.name zkLend
pool.protocol.name zkLend
pool.protocol.name zkLend
pool.protocol.name Nostra
pool.protocol.name Nostra
pool.protocol.name Nostra
pool.protocol.name Nostra
pool.protocol.name Nostra
pool.protocol.name Endur
hasRequiredPools false
allPools 10
pool.protocol.name zkLend
pool.protocol.name zkLend
pool.protocol.name zkLend
pool.protocol.name zkLend
pool.protocol.name zkLend
pool.protocol.name Nostra
pool.protocol.name zkLend
pool.protocol.name zkLend
pool.protocol.name zkLend
pool.protocol.name zkLend
pool.protocol.name Nostra
pool.protocol.name Nostra
pool.protocol.name Nostra
pool.protocol.name Nostra
pool.protocol.name Nostra
pool.protocol.name Endur
hasRequiredPools false
allPools 10
pool.protocol.name zkLend
pool.protocol.name zkLend
pool.protocol.name zkLend
pool.protocol.name zkLend
pool.protocol.name zkLend
pool.protocol.name Nostra
pool.protocol.name zkLend
pool.protocol.name zkLend
pool.protocol.name zkLend
pool.protocol.name zkLend
pool.protocol.name Nostra
pool.protocol.name Nostra
pool.protocol.name Nostra
pool.protocol.name Nostra
pool.protocol.name Nostra
pool.protocol.name Endur
hasRequiredPools false
allPools 10
pool.protocol.name zkLend
pool.protocol.name zkLend
pool.protocol.name zkLend
pool.protocol.name zkLend
pool.protocol.name zkLend
pool.protocol.name Nostra
pool.protocol.name zkLend
pool.protocol.name zkLend
pool.protocol.name zkLend
pool.protocol.name zkLend
pool.protocol.name Nostra
pool.protocol.name Nostra
pool.protocol.name Nostra
pool.protocol.name Nostra
pool.protocol.name Nostra
pool.protocol.name Endur
hasRequiredPools false
allPools 10
pool.protocol.name zkLend
pool.protocol.name zkLend
pool.protocol.name zkLend
pool.protocol.name zkLend
pool.protocol.name zkLend
pool.protocol.name Nostra
pool.protocol.name zkLend
pool.protocol.name zkLend
pool.protocol.name zkLend
pool.protocol.name zkLend
pool.protocol.name Nostra
pool.protocol.name Nostra
pool.protocol.name Nostra
pool.protocol.name Nostra
pool.protocol.name Nostra
pool.protocol.name Endur
hasRequiredPools false
allPools 10
pool.protocol.name zkLend
pool.protocol.name zkLend
pool.protocol.name zkLend
pool.protocol.name zkLend
pool.protocol.name zkLend
pool.protocol.name Nostra
pool.protocol.name zkLend
pool.protocol.name zkLend
pool.protocol.name zkLend
pool.protocol.name zkLend
pool.protocol.name Nostra
pool.protocol.name Nostra
pool.protocol.name Nostra
pool.protocol.name Nostra
pool.protocol.name Nostra
pool.protocol.name Endur
hasRequiredPools false
allPools 10
pool.protocol.name zkLend
pool.protocol.name zkLend
pool.protocol.name zkLend
pool.protocol.name zkLend
pool.protocol.name zkLend
pool.protocol.name Nostra
pool.protocol.name zkLend
pool.protocol.name zkLend
pool.protocol.name zkLend
pool.protocol.name zkLend
pool.protocol.name Nostra
pool.protocol.name Nostra
pool.protocol.name Nostra
pool.protocol.name Nostra
pool.protocol.name Nostra
pool.protocol.name Endur
hasRequiredPools false
allPools 10
pool.protocol.name zkLend
pool.protocol.name zkLend
pool.protocol.name zkLend
pool.protocol.name zkLend
pool.protocol.name zkLend
pool.protocol.name Nostra
pool.protocol.name zkLend
pool.protocol.name zkLend
pool.protocol.name zkLend
pool.protocol.name zkLend
pool.protocol.name Nostra
pool.protocol.name Nostra
pool.protocol.name Nostra
pool.protocol.name Nostra
pool.protocol.name Nostra
pool.protocol.name Endur
hasRequiredPools false
allPools 10
pool.protocol.name zkLend
pool.protocol.name zkLend
pool.protocol.name zkLend
pool.protocol.name zkLend
pool.protocol.name zkLend
pool.protocol.name Nostra
pool.protocol.name zkLend
pool.protocol.name zkLend
pool.protocol.name zkLend
pool.protocol.name zkLend
pool.protocol.name Nostra
pool.protocol.name Nostra
pool.protocol.name Nostra
pool.protocol.name Nostra
pool.protocol.name Nostra
pool.protocol.name Endur
hasRequiredPools false
allPools 10
pool.protocol.name zkLend
pool.protocol.name zkLend
pool.protocol.name zkLend
pool.protocol.name zkLend
pool.protocol.name zkLend
pool.protocol.name Nostra
pool.protocol.name zkLend
pool.protocol.name zkLend
pool.protocol.name zkLend
pool.protocol.name zkLend
pool.protocol.name Nostra
pool.protocol.name Nostra
pool.protocol.name Nostra
pool.protocol.name Nostra
pool.protocol.name Nostra
pool.protocol.name Endur
hasRequiredPools false
allPools 10
pool.protocol.name zkLend
pool.protocol.name zkLend
pool.protocol.name zkLend
pool.protocol.name zkLend
pool.protocol.name zkLend
pool.protocol.name Nostra
pool.protocol.name zkLend
pool.protocol.name zkLend
pool.protocol.name zkLend
pool.protocol.name zkLend
pool.protocol.name Nostra
pool.protocol.name Nostra
pool.protocol.name Nostra
pool.protocol.name Nostra
pool.protocol.name Nostra
pool.protocol.name Endur
hasRequiredPools false
allPools 10
pool.protocol.name zkLend
pool.protocol.name zkLend
pool.protocol.name zkLend
pool.protocol.name zkLend
pool.protocol.name zkLend
pool.protocol.name Nostra
pool.protocol.name zkLend
pool.protocol.name zkLend
pool.protocol.name zkLend
pool.protocol.name zkLend
pool.protocol.name Nostra
pool.protocol.name Nostra
pool.protocol.name Nostra
pool.protocol.name Nostra
pool.protocol.name Nostra
pool.protocol.name Endur
hasRequiredPools false
allPools 10
pool.protocol.name zkLend
pool.protocol.name zkLend
pool.protocol.name zkLend
pool.protocol.name zkLend
pool.protocol.name zkLend
pool.protocol.name Nostra
pool.protocol.name zkLend
pool.protocol.name zkLend
pool.protocol.name zkLend
pool.protocol.name zkLend
pool.protocol.name Nostra
pool.protocol.name Nostra
pool.protocol.name Nostra
pool.protocol.name Nostra
pool.protocol.name Nostra
pool.protocol.name Endur
hasRequiredPools false
allPools 10
pool.protocol.name zkLend
pool.protocol.name zkLend
pool.protocol.name zkLend
pool.protocol.name zkLend
pool.protocol.name zkLend
pool.protocol.name Nostra
pool.protocol.name zkLend
pool.protocol.name zkLend
pool.protocol.name zkLend
pool.protocol.name zkLend
pool.protocol.name Nostra
pool.protocol.name Nostra
pool.protocol.name Nostra
pool.protocol.name Nostra
pool.protocol.name Nostra
pool.protocol.name Endur
hasRequiredPools false
allPools 10
pool.protocol.name zkLend
pool.protocol.name zkLend
pool.protocol.name zkLend
pool.protocol.name zkLend
pool.protocol.name zkLend
pool.protocol.name Nostra
pool.protocol.name zkLend
pool.protocol.name zkLend
pool.protocol.name zkLend
pool.protocol.name zkLend
pool.protocol.name Nostra
pool.protocol.name Nostra
pool.protocol.name Nostra
pool.protocol.name Nostra
pool.protocol.name Nostra
pool.protocol.name Endur
hasRequiredPools false
allPools 10
pool.protocol.name zkLend
pool.protocol.name zkLend
pool.protocol.name zkLend
pool.protocol.name zkLend
pool.protocol.name zkLend
pool.protocol.name Nostra
pool.protocol.name zkLend
pool.protocol.name zkLend
pool.protocol.name zkLend
pool.protocol.name zkLend
pool.protocol.name Nostra
pool.protocol.name Nostra
pool.protocol.name Nostra
pool.protocol.name Nostra
pool.protocol.name Nostra
pool.protocol.name Endur
hasRequiredPools false
allPools 10
pool.protocol.name zkLend
pool.protocol.name zkLend
pool.protocol.name zkLend
pool.protocol.name zkLend
pool.protocol.name zkLend
pool.protocol.name Nostra
pool.protocol.name zkLend
pool.protocol.name zkLend
pool.protocol.name zkLend
pool.protocol.name zkLend
pool.protocol.name Nostra
pool.protocol.name Nostra
pool.protocol.name Nostra
pool.protocol.name Nostra
pool.protocol.name Nostra
pool.protocol.name Endur
hasRequiredPools false
allPools 10
pool.protocol.name zkLend
pool.protocol.name zkLend
pool.protocol.name zkLend
pool.protocol.name zkLend
pool.protocol.name zkLend
pool.protocol.name Nostra
pool.protocol.name zkLend
pool.protocol.name zkLend
pool.protocol.name zkLend
pool.protocol.name zkLend
pool.protocol.name Nostra
pool.protocol.name Nostra
pool.protocol.name Nostra
pool.protocol.name Nostra
pool.protocol.name Nostra
pool.protocol.name Endur
hasRequiredPools false
allPools 10
pool.protocol.name zkLend
pool.protocol.name zkLend
pool.protocol.name zkLend
pool.protocol.name zkLend
pool.protocol.name zkLend
pool.protocol.name Nostra
pool.protocol.name zkLend
pool.protocol.name zkLend
pool.protocol.name zkLend
pool.protocol.name zkLend
pool.protocol.name Nostra
pool.protocol.name Nostra
pool.protocol.name Nostra
pool.protocol.name Nostra
pool.protocol.name Nostra
pool.protocol.name Endur
hasRequiredPools false
allPools 10
pool.protocol.name zkLend
pool.protocol.name zkLend
pool.protocol.name zkLend
pool.protocol.name zkLend
pool.protocol.name zkLend
pool.protocol.name Nostra
pool.protocol.name zkLend
pool.protocol.name zkLend
pool.protocol.name zkLend
pool.protocol.name zkLend
pool.protocol.name Nostra
pool.protocol.name Nostra
pool.protocol.name Nostra
pool.protocol.name Nostra
pool.protocol.name Nostra
pool.protocol.name Endur
hasRequiredPools false
allPools 10
pool.protocol.name zkLend
pool.protocol.name zkLend
pool.protocol.name zkLend
pool.protocol.name zkLend
pool.protocol.name zkLend
pool.protocol.name Nostra
pool.protocol.name zkLend
pool.protocol.name zkLend
pool.protocol.name zkLend
pool.protocol.name zkLend
pool.protocol.name Nostra
pool.protocol.name Nostra
pool.protocol.name Nostra
pool.protocol.name Nostra
pool.protocol.name Nostra
pool.protocol.name Endur
hasRequiredPools false
allPools 10
pool.protocol.name zkLend
pool.protocol.name zkLend
pool.protocol.name zkLend
pool.protocol.name zkLend
pool.protocol.name zkLend
pool.protocol.name Nostra
pool.protocol.name zkLend
pool.protocol.name zkLend
pool.protocol.name zkLend
pool.protocol.name zkLend
pool.protocol.name Nostra
pool.protocol.name Nostra
pool.protocol.name Nostra
pool.protocol.name Nostra
pool.protocol.name Nostra
pool.protocol.name Endur
hasRequiredPools false
allPools 10
pool.protocol.name zkLend
pool.protocol.name zkLend
pool.protocol.name zkLend
pool.protocol.name zkLend
pool.protocol.name zkLend
pool.protocol.name Nostra
pool.protocol.name zkLend
pool.protocol.name zkLend
pool.protocol.name zkLend
pool.protocol.name zkLend
pool.protocol.name Nostra
pool.protocol.name Nostra
pool.protocol.name Nostra
pool.protocol.name Nostra
pool.protocol.name Nostra
pool.protocol.name Endur
hasRequiredPools false
allPools 10
pool.protocol.name zkLend
pool.protocol.name zkLend
pool.protocol.name zkLend
pool.protocol.name zkLend
pool.protocol.name zkLend
pool.protocol.name Nostra
pool.protocol.name zkLend
pool.protocol.name zkLend
pool.protocol.name zkLend
pool.protocol.name zkLend
pool.protocol.name Nostra
pool.protocol.name Nostra
pool.protocol.name Nostra
pool.protocol.name Nostra
pool.protocol.name Nostra
pool.protocol.name Endur
hasRequiredPools false
allPools 10
pool.protocol.name zkLend
pool.protocol.name zkLend
pool.protocol.name zkLend
pool.protocol.name zkLend
pool.protocol.name zkLend
pool.protocol.name Nostra
pool.protocol.name zkLend
pool.protocol.name zkLend
pool.protocol.name zkLend
pool.protocol.name zkLend
pool.protocol.name Nostra
pool.protocol.name Nostra
pool.protocol.name Nostra
pool.protocol.name Nostra
pool.protocol.name Nostra
pool.protocol.name Endur
hasRequiredPools false
allPools 10
pool.protocol.name zkLend
pool.protocol.name zkLend
pool.protocol.name zkLend
pool.protocol.name zkLend
pool.protocol.name zkLend
pool.protocol.name Nostra
pool.protocol.name zkLend
pool.protocol.name zkLend
pool.protocol.name zkLend
pool.protocol.name zkLend
pool.protocol.name Nostra
pool.protocol.name Nostra
pool.protocol.name Nostra
pool.protocol.name Nostra
pool.protocol.name Nostra
pool.protocol.name Endur
hasRequiredPools false
allPools 10
pool.protocol.name zkLend
pool.protocol.name zkLend
pool.protocol.name zkLend
pool.protocol.name zkLend
pool.protocol.name zkLend
pool.protocol.name Nostra
pool.protocol.name zkLend
pool.protocol.name zkLend
pool.protocol.name zkLend
pool.protocol.name zkLend
pool.protocol.name Nostra
pool.protocol.name Nostra
pool.protocol.name Nostra
pool.protocol.name Nostra
pool.protocol.name Nostra
pool.protocol.name Endur
hasRequiredPools false
allPools 10
pool.protocol.name zkLend
pool.protocol.name zkLend
pool.protocol.name zkLend
pool.protocol.name zkLend
pool.protocol.name zkLend
pool.protocol.name Nostra
pool.protocol.name zkLend
pool.protocol.name zkLend
pool.protocol.name zkLend
pool.protocol.name zkLend
pool.protocol.name Nostra
pool.protocol.name Nostra
pool.protocol.name Nostra
pool.protocol.name Nostra
pool.protocol.name Nostra
pool.protocol.name Endur
hasRequiredPools false
allPools 10
pool.protocol.name zkLend
pool.protocol.name zkLend
pool.protocol.name zkLend
pool.protocol.name zkLend
pool.protocol.name zkLend
pool.protocol.name Nostra
pool.protocol.name zkLend
pool.protocol.name zkLend
pool.protocol.name zkLend
pool.protocol.name zkLend
pool.protocol.name Nostra
pool.protocol.name Nostra
pool.protocol.name Nostra
pool.protocol.name Nostra
pool.protocol.name Nostra
pool.protocol.name Endur
hasRequiredPools false
allPools 10
pool.protocol.name zkLend
pool.protocol.name zkLend
pool.protocol.name zkLend
pool.protocol.name zkLend
pool.protocol.name zkLend
pool.protocol.name Nostra
pool.protocol.name zkLend
pool.protocol.name zkLend
pool.protocol.name zkLend
pool.protocol.name zkLend
pool.protocol.name Nostra
pool.protocol.name Nostra
pool.protocol.name Nostra
pool.protocol.name Nostra
pool.protocol.name Nostra
pool.protocol.name Endur
hasRequiredPools false
allPools 10
pool.protocol.name zkLend
pool.protocol.name zkLend
pool.protocol.name zkLend
pool.protocol.name zkLend
pool.protocol.name zkLend
pool.protocol.name Nostra
pool.protocol.name zkLend
pool.protocol.name zkLend
pool.protocol.name zkLend
pool.protocol.name zkLend
pool.protocol.name Nostra
pool.protocol.name Nostra
pool.protocol.name Nostra
pool.protocol.name Nostra
pool.protocol.name Nostra
pool.protocol.name Endur
hasRequiredPools false
allPools 10
pool.protocol.name zkLend
pool.protocol.name zkLend
pool.protocol.name zkLend
pool.protocol.name zkLend
pool.protocol.name zkLend
pool.protocol.name Nostra
pool.protocol.name zkLend
pool.protocol.name zkLend
pool.protocol.name zkLend
pool.protocol.name zkLend
pool.protocol.name Nostra
pool.protocol.name Nostra
pool.protocol.name Nostra
pool.protocol.name Nostra
pool.protocol.name Nostra
pool.protocol.name Endur
hasRequiredPools false
allPools 10
pool.protocol.name zkLend
pool.protocol.name zkLend
pool.protocol.name zkLend
pool.protocol.name zkLend
pool.protocol.name zkLend
pool.protocol.name Nostra
pool.protocol.name zkLend
pool.protocol.name zkLend
pool.protocol.name zkLend
pool.protocol.name zkLend
pool.protocol.name Nostra
pool.protocol.name Nostra
pool.protocol.name Nostra
pool.protocol.name Nostra
pool.protocol.name Nostra
pool.protocol.name Endur
hasRequiredPools false
allPools 10
pool.protocol.name zkLend
pool.protocol.name zkLend
pool.protocol.name zkLend
pool.protocol.name zkLend
pool.protocol.name zkLend
pool.protocol.name Nostra
pool.protocol.name zkLend
pool.protocol.name zkLend
pool.protocol.name zkLend
pool.protocol.name zkLend
pool.protocol.name Nostra
pool.protocol.name Nostra
pool.protocol.name Nostra
pool.protocol.name Nostra
pool.protocol.name Nostra
pool.protocol.name Endur
hasRequiredPools false
allPools 10
pool.protocol.name zkLend
pool.protocol.name zkLend
pool.protocol.name zkLend
pool.protocol.name zkLend
pool.protocol.name zkLend
pool.protocol.name Nostra
pool.protocol.name zkLend
pool.protocol.name zkLend
pool.protocol.name zkLend
pool.protocol.name zkLend
pool.protocol.name Nostra
pool.protocol.name Nostra
pool.protocol.name Nostra
pool.protocol.name Nostra
pool.protocol.name Nostra
pool.protocol.name Endur
hasRequiredPools false
allPools 10
pool.protocol.name zkLend
pool.protocol.name zkLend
pool.protocol.name zkLend
pool.protocol.name zkLend
pool.protocol.name zkLend
pool.protocol.name Nostra
pool.protocol.name zkLend
pool.protocol.name zkLend
pool.protocol.name zkLend
pool.protocol.name zkLend
pool.protocol.name Nostra
pool.protocol.name Nostra
pool.protocol.name Nostra
pool.protocol.name Nostra
pool.protocol.name Nostra
pool.protocol.name Endur
hasRequiredPools false
allPools 10
pool.protocol.name zkLend
pool.protocol.name zkLend
pool.protocol.name zkLend
pool.protocol.name zkLend
pool.protocol.name zkLend
pool.protocol.name Nostra
pool.protocol.name zkLend
pool.protocol.name zkLend
pool.protocol.name zkLend
pool.protocol.name zkLend
pool.protocol.name Nostra
pool.protocol.name Nostra
pool.protocol.name Nostra
pool.protocol.name Nostra
pool.protocol.name Nostra
pool.protocol.name Endur
hasRequiredPools false
allPools 10
pool.protocol.name zkLend
pool.protocol.name zkLend
pool.protocol.name zkLend
pool.protocol.name zkLend
pool.protocol.name zkLend
pool.protocol.name Nostra
pool.protocol.name zkLend
pool.protocol.name zkLend
pool.protocol.name zkLend
pool.protocol.name zkLend
pool.protocol.name Nostra
pool.protocol.name Nostra
pool.protocol.name Nostra
pool.protocol.name Nostra
pool.protocol.name Nostra
pool.protocol.name Endur
hasRequiredPools false
allPools 10
pool.protocol.name zkLend
pool.protocol.name zkLend
pool.protocol.name zkLend
pool.protocol.name zkLend
pool.protocol.name zkLend
pool.protocol.name Nostra
pool.protocol.name zkLend
pool.protocol.name zkLend
pool.protocol.name zkLend
pool.protocol.name zkLend
pool.protocol.name Nostra
pool.protocol.name Nostra
pool.protocol.name Nostra
pool.protocol.name Nostra
pool.protocol.name Nostra
pool.protocol.name Endur
hasRequiredPools false
allPools 10
pool.protocol.name zkLend
pool.protocol.name zkLend
pool.protocol.name zkLend
pool.protocol.name zkLend
pool.protocol.name zkLend
pool.protocol.name Nostra
pool.protocol.name zkLend
pool.protocol.name zkLend
pool.protocol.name zkLend
pool.protocol.name zkLend
pool.protocol.name Nostra
pool.protocol.name Nostra
pool.protocol.name Nostra
pool.protocol.name Nostra
pool.protocol.name Nostra
pool.protocol.name Endur
hasRequiredPools false
allPools 10
pool.protocol.name zkLend
pool.protocol.name zkLend
pool.protocol.name zkLend
pool.protocol.name zkLend
pool.protocol.name zkLend
pool.protocol.name Nostra
pool.protocol.name zkLend
pool.protocol.name zkLend
pool.protocol.name zkLend
pool.protocol.name zkLend
pool.protocol.name Nostra
pool.protocol.name Nostra
pool.protocol.name Nostra
pool.protocol.name Nostra
pool.protocol.name Nostra
pool.protocol.name Endur
hasRequiredPools false
undefined account
Refetching zklend_lending_base_aprs
Fetching zklend_lending_base_aprs
Refetching strk_dex_incentives
Fetching strk_dex_incentives
Refetching strk_lending_incentives
Fetching strk_lending_incentives
Refetching Endur_stats
Fetching Endur_stats
Refetching Endur_reward
Fetching Endur_reward
Refetching nostra_lending_base_aprs
Fetching nostra_lending_base_aprs
Refetching vesu_base_aprs
Fetching vesu_base_aprs
Fetching Vesu base APYs
calling getBalanceAtom auto_token_strk {
  token: '0x541681b9ad63dff1b35f79c78d8477f64857de29a27902f7298f7b620838ea',
  name: 'frmzSTRK',
  decimals: 18,
  displayDecimals: 2,
  logo: '/zklend/icons/tokens/strk.svg?w=20',
  minAmount: {"raw":"10000000000000000000","decimals":18},
  maxAmount: {"raw":"10000000000000000000000","decimals":18},
  stepAmount: {"raw":"10000000000000000000","decimals":18},
  isERC4626: true
}
token getBalanceAtom {
  token: '0x541681b9ad63dff1b35f79c78d8477f64857de29a27902f7298f7b620838ea',
  name: 'frmzSTRK',
  decimals: 18,
  displayDecimals: 2,
  logo: '/zklend/icons/tokens/strk.svg?w=20',
  minAmount: {"raw":"10000000000000000000","decimals":18},
  maxAmount: {"raw":"10000000000000000000000","decimals":18},
  stepAmount: {"raw":"10000000000000000000","decimals":18},
  isERC4626: true
}
token getBalanceAtom isERC4626 true
calling getBalanceAtom auto_token_usdc {
  token: '0x16912b22d5696e95ffde888ede4bd69fbbc60c5f873082857a47c543172694f',
  name: 'frmzUSDC',
  decimals: 6,
  displayDecimals: 2,
  logo: '/zklend/icons/tokens/usdc.svg?w=20',
  minAmount: {"raw":"10000000","decimals":6},
  maxAmount: {"raw":"10000000000","decimals":6},
  stepAmount: {"raw":"10000000","decimals":6},
  isERC4626: true
}
token getBalanceAtom {
  token: '0x16912b22d5696e95ffde888ede4bd69fbbc60c5f873082857a47c543172694f',
  name: 'frmzUSDC',
  decimals: 6,
  displayDecimals: 2,
  logo: '/zklend/icons/tokens/usdc.svg?w=20',
  minAmount: {"raw":"10000000","decimals":6},
  maxAmount: {"raw":"10000000000","decimals":6},
  stepAmount: {"raw":"10000000","decimals":6},
  isERC4626: true
}
token getBalanceAtom isERC4626 true
calling getBalanceAtom usdc_sensei {
  name: 'frmDNMMUSDCETH',
  address: '0x04937b58e05a3a2477402d1f74e66686f58a61a5070fcc6f694fb9a0b3bae422',
  logo: '/zklend/icons/tokens/usdc.svg?w=20',
  config: { mainTokenName: 'USDC' }
}
token getBalanceAtom {
  name: 'frmDNMMUSDCETH',
  address: '0x04937b58e05a3a2477402d1f74e66686f58a61a5070fcc6f694fb9a0b3bae422',
  logo: '/zklend/icons/tokens/usdc.svg?w=20',
  config: { mainTokenName: 'USDC' }
}
calling getBalanceAtom eth_sensei {
  name: 'frmDNMMETHUSDC',
  address: '0x9d23d9b1fa0db8c9d75a1df924c3820e594fc4ab1475695889286f3f6df250',
  logo: '/zklend/icons/tokens/eth.svg?w=20',
  config: { mainTokenName: 'ETH' }
}
token getBalanceAtom {
  name: 'frmDNMMETHUSDC',
  address: '0x9d23d9b1fa0db8c9d75a1df924c3820e594fc4ab1475695889286f3f6df250',
  logo: '/zklend/icons/tokens/eth.svg?w=20',
  config: { mainTokenName: 'ETH' }
}
calling getBalanceAtom strk_sensei {
  name: 'frmDNMMSTRKETH',
  address: '0x20d5fc4c9df4f943ebb36078e703369c04176ed00accf290e8295b659d2cea6',
  logo: '/zklend/icons/tokens/strk.svg?w=20',
  config: { mainTokenName: 'STRK' }
}
token getBalanceAtom {
  name: 'frmDNMMSTRKETH',
  address: '0x20d5fc4c9df4f943ebb36078e703369c04176ed00accf290e8295b659d2cea6',
  logo: '/zklend/icons/tokens/strk.svg?w=20',
  config: { mainTokenName: 'STRK' }
}
calling getBalanceAtom eth_sensei_xl {
  name: 'frmDNMMETHUSDC2',
  address: '0x9140757f8fb5748379be582be39d6daf704cc3a0408882c0d57981a885eed9',
  logo: '/zklend/icons/tokens/eth.svg?w=20',
  config: { mainTokenName: 'ETH' }
}
token getBalanceAtom {
  name: 'frmDNMMETHUSDC2',
  address: '0x9140757f8fb5748379be582be39d6daf704cc3a0408882c0d57981a885eed9',
  logo: '/zklend/icons/tokens/eth.svg?w=20',
  config: { mainTokenName: 'ETH' }
}
calling getBalanceAtom xstrk_sensei {
  name: 'frmDNMMSTRKxSTRK',
  address: '0x7023a5cadc8a5db80e4f0fde6b330cbd3c17bbbf9cb145cbabd7bd5e6fb7b0b',
  logo: '/zklend/icons/tokens/strk.svg?w=20',
  config: { mainTokenName: 'STRK' }
}
token getBalanceAtom {
  name: 'frmDNMMSTRKxSTRK',
  address: '0x7023a5cadc8a5db80e4f0fde6b330cbd3c17bbbf9cb145cbabd7bd5e6fb7b0b',
  logo: '/zklend/icons/tokens/strk.svg?w=20',
  config: { mainTokenName: 'STRK' }
}
calling getBalanceAtom vesu_rebalance_strk {
  token: '0xeeb729d554ae486387147b13a9c8871bc7991d454e8b5ff570d4bf94de71e1',
  name: 'STRK',
  decimals: 18,
  displayDecimals: 2,
  logo: '/zklend/icons/tokens/strk.svg?w=20',
  minAmount: {"raw":"10000000000000000000","decimals":18},
  maxAmount: {"raw":"10000000000000000000000","decimals":18},
  stepAmount: {"raw":"10000000000000000000","decimals":18},
  isERC4626: true,
  address: '0xeeb729d554ae486387147b13a9c8871bc7991d454e8b5ff570d4bf94de71e1'
}
token getBalanceAtom {
  token: '0xeeb729d554ae486387147b13a9c8871bc7991d454e8b5ff570d4bf94de71e1',
  name: 'STRK',
  decimals: 18,
  displayDecimals: 2,
  logo: '/zklend/icons/tokens/strk.svg?w=20',
  minAmount: {"raw":"10000000000000000000","decimals":18},
  maxAmount: {"raw":"10000000000000000000000","decimals":18},
  stepAmount: {"raw":"10000000000000000000","decimals":18},
  isERC4626: true,
  address: '0xeeb729d554ae486387147b13a9c8871bc7991d454e8b5ff570d4bf94de71e1'
}
token getBalanceAtom isERC4626 true
undefined account
calling getBalanceAtom auto_token_strk {
  token: '0x541681b9ad63dff1b35f79c78d8477f64857de29a27902f7298f7b620838ea',
  name: 'frmzSTRK',
  decimals: 18,
  displayDecimals: 2,
  logo: '/zklend/icons/tokens/strk.svg?w=20',
  minAmount: {"raw":"10000000000000000000","decimals":18},
  maxAmount: {"raw":"10000000000000000000000","decimals":18},
  stepAmount: {"raw":"10000000000000000000","decimals":18},
  isERC4626: true
}
token getBalanceAtom {
  token: '0x541681b9ad63dff1b35f79c78d8477f64857de29a27902f7298f7b620838ea',
  name: 'frmzSTRK',
  decimals: 18,
  displayDecimals: 2,
  logo: '/zklend/icons/tokens/strk.svg?w=20',
  minAmount: {"raw":"10000000000000000000","decimals":18},
  maxAmount: {"raw":"10000000000000000000000","decimals":18},
  stepAmount: {"raw":"10000000000000000000","decimals":18},
  isERC4626: true
}
token getBalanceAtom isERC4626 true
calling getBalanceAtom auto_token_usdc {
  token: '0x16912b22d5696e95ffde888ede4bd69fbbc60c5f873082857a47c543172694f',
  name: 'frmzUSDC',
  decimals: 6,
  displayDecimals: 2,
  logo: '/zklend/icons/tokens/usdc.svg?w=20',
  minAmount: {"raw":"10000000","decimals":6},
  maxAmount: {"raw":"10000000000","decimals":6},
  stepAmount: {"raw":"10000000","decimals":6},
  isERC4626: true
}
token getBalanceAtom {
  token: '0x16912b22d5696e95ffde888ede4bd69fbbc60c5f873082857a47c543172694f',
  name: 'frmzUSDC',
  decimals: 6,
  displayDecimals: 2,
  logo: '/zklend/icons/tokens/usdc.svg?w=20',
  minAmount: {"raw":"10000000","decimals":6},
  maxAmount: {"raw":"10000000000","decimals":6},
  stepAmount: {"raw":"10000000","decimals":6},
  isERC4626: true
}
token getBalanceAtom isERC4626 true
calling getBalanceAtom usdc_sensei {
  name: 'frmDNMMUSDCETH',
  address: '0x04937b58e05a3a2477402d1f74e66686f58a61a5070fcc6f694fb9a0b3bae422',
  logo: '/zklend/icons/tokens/usdc.svg?w=20',
  config: { mainTokenName: 'USDC' }
}
token getBalanceAtom {
  name: 'frmDNMMUSDCETH',
  address: '0x04937b58e05a3a2477402d1f74e66686f58a61a5070fcc6f694fb9a0b3bae422',
  logo: '/zklend/icons/tokens/usdc.svg?w=20',
  config: { mainTokenName: 'USDC' }
}
calling getBalanceAtom eth_sensei {
  name: 'frmDNMMETHUSDC',
  address: '0x9d23d9b1fa0db8c9d75a1df924c3820e594fc4ab1475695889286f3f6df250',
  logo: '/zklend/icons/tokens/eth.svg?w=20',
  config: { mainTokenName: 'ETH' }
}
token getBalanceAtom {
  name: 'frmDNMMETHUSDC',
  address: '0x9d23d9b1fa0db8c9d75a1df924c3820e594fc4ab1475695889286f3f6df250',
  logo: '/zklend/icons/tokens/eth.svg?w=20',
  config: { mainTokenName: 'ETH' }
}
calling getBalanceAtom strk_sensei {
  name: 'frmDNMMSTRKETH',
  address: '0x20d5fc4c9df4f943ebb36078e703369c04176ed00accf290e8295b659d2cea6',
  logo: '/zklend/icons/tokens/strk.svg?w=20',
  config: { mainTokenName: 'STRK' }
}
token getBalanceAtom {
  name: 'frmDNMMSTRKETH',
  address: '0x20d5fc4c9df4f943ebb36078e703369c04176ed00accf290e8295b659d2cea6',
  logo: '/zklend/icons/tokens/strk.svg?w=20',
  config: { mainTokenName: 'STRK' }
}
calling getBalanceAtom eth_sensei_xl {
  name: 'frmDNMMETHUSDC2',
  address: '0x9140757f8fb5748379be582be39d6daf704cc3a0408882c0d57981a885eed9',
  logo: '/zklend/icons/tokens/eth.svg?w=20',
  config: { mainTokenName: 'ETH' }
}
token getBalanceAtom {
  name: 'frmDNMMETHUSDC2',
  address: '0x9140757f8fb5748379be582be39d6daf704cc3a0408882c0d57981a885eed9',
  logo: '/zklend/icons/tokens/eth.svg?w=20',
  config: { mainTokenName: 'ETH' }
}
calling getBalanceAtom xstrk_sensei {
  name: 'frmDNMMSTRKxSTRK',
  address: '0x7023a5cadc8a5db80e4f0fde6b330cbd3c17bbbf9cb145cbabd7bd5e6fb7b0b',
  logo: '/zklend/icons/tokens/strk.svg?w=20',
  config: { mainTokenName: 'STRK' }
}
token getBalanceAtom {
  name: 'frmDNMMSTRKxSTRK',
  address: '0x7023a5cadc8a5db80e4f0fde6b330cbd3c17bbbf9cb145cbabd7bd5e6fb7b0b',
  logo: '/zklend/icons/tokens/strk.svg?w=20',
  config: { mainTokenName: 'STRK' }
}
calling getBalanceAtom vesu_rebalance_strk {
  token: '0xeeb729d554ae486387147b13a9c8871bc7991d454e8b5ff570d4bf94de71e1',
  name: 'STRK',
  decimals: 18,
  displayDecimals: 2,
  logo: '/zklend/icons/tokens/strk.svg?w=20',
  minAmount: {"raw":"10000000000000000000","decimals":18},
  maxAmount: {"raw":"10000000000000000000000","decimals":18},
  stepAmount: {"raw":"10000000000000000000","decimals":18},
  isERC4626: true,
  address: '0xeeb729d554ae486387147b13a9c8871bc7991d454e8b5ff570d4bf94de71e1'
}
token getBalanceAtom {
  token: '0xeeb729d554ae486387147b13a9c8871bc7991d454e8b5ff570d4bf94de71e1',
  name: 'STRK',
  decimals: 18,
  displayDecimals: 2,
  logo: '/zklend/icons/tokens/strk.svg?w=20',
  minAmount: {"raw":"10000000000000000000","decimals":18},
  maxAmount: {"raw":"10000000000000000000000","decimals":18},
  stepAmount: {"raw":"10000000000000000000","decimals":18},
  isERC4626: true,
  address: '0xeeb729d554ae486387147b13a9c8871bc7991d454e8b5ff570d4bf94de71e1'
}
token getBalanceAtom isERC4626 true
undefined
nostra {
  data: null,
  error: null,
  isLoading: true,
  isSuccess: false,
  isError: false,
  refetch: [AsyncFunction: refetch]
}
sorting filter pools
sorting filter pools [2]
sorting filter pools
sorting filter pools
sorting filter pools [2]
sorting filter pools
Setting Endur_stats
Setting zklend_lending_base_aprs
Setting nostra_lending_base_aprs
 ✓ Compiled /favicon.ico in 1103ms (6061 modules)
Setting strk_lending_incentives
Setting strk_dex_incentives
 ✓ Compiled in 1430ms (3464 modules)
 ✓ Compiled in 650ms (2565 modules)
 ✓ Compiled in 561ms (3464 modules)
 ✓ Compiled in 223ms (3464 modules)
 ✓ Compiled in 371ms (2565 modules)
 ✓ Compiled in 706ms (3464 modules)
 ✓ Compiled in 548ms (3464 modules)
 ✓ Compiled in 314ms (2565 modules)
[?25h
